name,gridcode,FREQUENCY,SUM_Shape_
Apalachicola,11,1771,64215898.62670000000
Apalachicola,21,16836,115753776.58100000000
Apalachicola,22,13386,26470592.74290000000
Apalachicola,23,5559,9641650.01220000000
Apalachicola,24,764,1451519.76928000000
Apalachicola,31,1050,4410153.67126000000
Apalachicola,41,1593,4689632.62025000000
Apalachicola,42,19888,688456376.77900000000
Apalachicola,43,1358,3642883.81347000000
Apalachicola,52,11682,128435450.07000000000
Apalachicola,71,8328,142246112.09100000000
Apalachicola,81,3032,17813878.52780000000
Apalachicola,82,2170,154986562.90300000000
Apalachicola,90,11561,1625546568.80000000000
Apalachicola,95,12696,151510767.98400000000
Apalachicola Bay,0,69,16012688.76340000000
Apalachicola Bay,11,282,1248241690.20000000000
Apalachicola Bay,21,2212,9048290.43275000000
Apalachicola Bay,22,2978,15475220.53530000000
Apalachicola Bay,23,2841,8947637.62208000000
Apalachicola Bay,24,1123,3377971.82922000000
Apalachicola Bay,31,2020,23942928.57060000000
Apalachicola Bay,41,5,7200.00000000000
Apalachicola Bay,42,2272,34138658.52350000000
Apalachicola Bay,43,13,17934.02709890000
Apalachicola Bay,52,1165,6907491.78773000000
Apalachicola Bay,71,942,3752396.46606000000
Apalachicola Bay,90,1687,103705104.55600000000
Apalachicola Bay,95,2108,42994771.95740000000
Aransas Bay,0,88,132483.11462500000
Aransas Bay,11,2462,604343711.17900000000
Aransas Bay,21,9629,33216594.98290000000
Aransas Bay,22,11158,38015457.49510000000
Aransas Bay,23,8235,27448130.42910000000
Aransas Bay,24,2603,8930931.81153000000
Aransas Bay,31,3410,19819779.45560000000
Aransas Bay,41,5587,53942891.94030000000
Aransas Bay,42,3687,17846878.32640000000
Aransas Bay,43,3812,14003182.53480000000
Aransas Bay,52,11187,352256165.22200000000
Aransas Bay,71,7272,100896651.42500000000
Aransas Bay,81,8502,311238827.65500000000
Aransas Bay,82,409,215797979.03100000000
Aransas Bay,90,7450,65087067.20580000000
Aransas Bay,95,8611,328474921.81100000000
Big Cypress Swamp,0,92,29201136.21830000000
Big Cypress Swamp,11,17379,1256006890.67000000000
Big Cypress Swamp,21,44632,259268228.39400000000
Big Cypress Swamp,22,57670,292961818.90000000000
Big Cypress Swamp,23,44300,234175938.38200000000
Big Cypress Swamp,24,18538,62381607.41270000000
Big Cypress Swamp,31,2568,17738995.88010000000
Big Cypress Swamp,41,101,653683.00781300000
Big Cypress Swamp,42,11311,202972847.85500000000
Big Cypress Swamp,43,6754,52939010.49500000000
Big Cypress Swamp,52,3342,15171034.87240000000
Big Cypress Swamp,71,3929,34622962.78380000000
Big Cypress Swamp,81,6071,336348696.47800000000
Big Cypress Swamp,82,1394,270337128.47000000000
Big Cypress Swamp,90,59447,3508883752.70000000000
Big Cypress Swamp,95,72126,1737659777.59000000000
Brandywine-Christina,11,1361,35188533.21530000000
Brandywine-Christina,21,51902,328404040.35600000000
Brandywine-Christina,22,51352,211291101.23300000000
Brandywine-Christina,23,29729,131828934.95200000000
Brandywine-Christina,24,8454,59917315.37480000000
Brandywine-Christina,31,641,3755133.43506000000
Brandywine-Christina,41,17649,347628298.64500000000
Brandywine-Christina,42,2695,7563492.05931000000
Brandywine-Christina,43,28934,108629747.20500000000
Brandywine-Christina,52,5713,18355702.83510000000
Brandywine-Christina,71,1664,7706953.92151000000
Brandywine-Christina,81,14720,265026613.54100000000
Brandywine-Christina,82,3893,248698493.64600000000
Brandywine-Christina,90,6540,91980643.35930000000
Brandywine-Christina,95,2929,50932826.17490000000
Broadkill-Smyrna,11,2927,422136222.66500000000
Broadkill-Smyrna,21,28371,119341495.26700000000
Broadkill-Smyrna,22,28178,86949957.81560000000
Broadkill-Smyrna,23,15780,53068028.68650000000
Broadkill-Smyrna,24,3872,17603632.20520000000
Broadkill-Smyrna,31,506,4297077.87781000000
Broadkill-Smyrna,41,6465,63936059.27120000000
Broadkill-Smyrna,42,1393,22476317.15700000000
Broadkill-Smyrna,43,4997,43111003.76590000000
Broadkill-Smyrna,52,986,3263648.20862000000
Broadkill-Smyrna,71,480,1920603.90015000000
Broadkill-Smyrna,81,1131,4212331.18286000000
Broadkill-Smyrna,82,6317,702230923.16900000000
Broadkill-Smyrna,90,7816,239182368.39300000000
Broadkill-Smyrna,95,4370,222484065.68300000000
Cape Cod,0,233,648822076.29500000000
Cape Cod,11,4858,144603296.52100000000
Cape Cod,21,76141,247358586.60700000000
Cape Cod,22,93914,363427941.24800000000
Cape Cod,23,63079,275902257.61000000000
Cape Cod,24,13851,70110934.78550000000
Cape Cod,31,9749,97747109.43150000000
Cape Cod,41,19911,241357904.77800000000
Cape Cod,42,39710,444276467.29000000000
Cape Cod,43,50002,427546024.15900000000
Cape Cod,52,9175,52705045.58260000000
Cape Cod,71,18321,102497568.14600000000
Cape Cod,81,7255,38414043.75910000000
Cape Cod,82,2070,77124029.39760000000
Cape Cod,90,15290,307718280.25800000000
Cape Cod,95,13331,159962573.47400000000
Carolina Coastal-Sampit,0,16,1452860.92530000000
Carolina Coastal-Sampit,11,1631,18271889.53860000000
Carolina Coastal-Sampit,21,9854,61330996.30730000000
Carolina Coastal-Sampit,22,7834,17760104.57150000000
Carolina Coastal-Sampit,23,2801,8757921.20362000000
Carolina Coastal-Sampit,24,692,2848679.07715000000
Carolina Coastal-Sampit,31,572,3889002.22778000000
Carolina Coastal-Sampit,41,2278,7026836.18775000000
Carolina Coastal-Sampit,42,10448,377302260.49800000000
Carolina Coastal-Sampit,43,145,297939.99023300000
Carolina Coastal-Sampit,52,4282,48961878.16770000000
Carolina Coastal-Sampit,71,3217,50831053.52780000000
Carolina Coastal-Sampit,81,1598,9061358.97218000000
Carolina Coastal-Sampit,82,1686,70628124.18830000000
Carolina Coastal-Sampit,90,8008,454503781.65900000000
Carolina Coastal-Sampit,95,6032,92218311.36470000000
Coastal Carolina,0,62,17900669.94330000000
Coastal Carolina,11,2631,14539305.73420000000
Coastal Carolina,21,21821,115096034.94900000000
Coastal Carolina,22,23196,102677117.29400000000
Coastal Carolina,23,14201,76784872.90650000000
Coastal Carolina,24,4991,17616834.77780000000
Coastal Carolina,31,1508,13667155.85630000000
Coastal Carolina,41,128,212065.05432100000
Coastal Carolina,42,9987,249571705.29800000000
Coastal Carolina,43,925,2522966.33606000000
Coastal Carolina,52,7191,37178476.96840000000
Coastal Carolina,71,3167,20588768.75610000000
Coastal Carolina,81,1196,2501185.96801000000
Coastal Carolina,82,1604,40610040.02380000000
Coastal Carolina,90,5469,366923648.00700000000
Coastal Carolina,95,4622,88441240.86910000000
Cooper,0,2,24954136.68820000000
Cooper,11,3962,434960904.36400000000
Cooper,21,47316,212660451.72700000000
Cooper,22,42995,231128354.22400000000
Cooper,23,28170,134360260.07100000000
Cooper,24,9425,52138956.61010000000
Cooper,31,2216,13895808.23360000000
Cooper,41,4532,14434979.80960000000
Cooper,42,25073,791608717.63900000000
Cooper,43,2151,5640591.13770000000
Cooper,52,8871,73578567.70020000000
Cooper,71,7786,53517686.73710000000
Cooper,81,7512,48852219.78150000000
Cooper,82,1921,45791084.56420000000
Cooper,90,19370,944512057.78200000000
Cooper,95,10835,195691272.47300000000
Coos,0,42,9846928.83952000000
Coos,11,897,435574196.86400000000
Coos,21,12642,85569318.30250000000
Coos,22,7404,26090654.14180000000
Coos,23,3591,14935634.58720000000
Coos,24,1120,6895745.31813000000
Coos,31,1876,40645400.33030000000
Coos,41,6656,16472658.00780000000
Coos,42,14913,1081099180.63000000000
Coos,43,32353,267309950.57000000000
Coos,52,8005,137280343.04500000000
Coos,71,4692,73697954.15040000000
Coos,81,786,3866079.79703000000
Coos,82,1,4500.00000020000
Coos,90,3684,20323777.55230000000
Coos,95,3456,79698645.94520000000
Cottonwood-Tijuana,11,265,3732979.68980000000
Cottonwood-Tijuana,21,5573,55215943.23120000000
Cottonwood-Tijuana,22,5374,11339808.39840000000
Cottonwood-Tijuana,23,2191,9820429.77448000000
Cottonwood-Tijuana,24,1235,8974875.88806000000
Cottonwood-Tijuana,31,178,1285476.36795000000
Cottonwood-Tijuana,41,9,12064.74609390000
Cottonwood-Tijuana,42,2123,53291160.15240000000
Cottonwood-Tijuana,43,3442,34156614.74990000000
Cottonwood-Tijuana,52,5528,710279803.83900000000
Cottonwood-Tijuana,71,4677,114699608.71400000000
Cottonwood-Tijuana,81,180,2516743.83774000000
Cottonwood-Tijuana,82,55,601840.15960900000
Cottonwood-Tijuana,90,1119,12496148.60920000000
Cottonwood-Tijuana,95,1014,18106245.84730000000
Daytona-St. Augustine,0,56,15720751.26340000000
Daytona-St. Augustine,11,3896,861563642.87100000000
Daytona-St. Augustine,21,32590,173879287.34400000000
Daytona-St. Augustine,22,35819,216848962.65600000000
Daytona-St. Augustine,23,27945,126047104.01900000000
Daytona-St. Augustine,24,8262,30636855.12090000000
Daytona-St. Augustine,31,2184,18324300.94300000000
Daytona-St. Augustine,41,2399,5191379.29687000000
Daytona-St. Augustine,42,17834,383087718.92400000000
Daytona-St. Augustine,43,2761,7665739.75524000000
Daytona-St. Augustine,52,7923,58247625.55850000000
Daytona-St. Augustine,71,5580,34082429.72720000000
Daytona-St. Augustine,81,3303,33455592.93820000000
Daytona-St. Augustine,82,9,47225.22583080000
Daytona-St. Augustine,90,13389,436626185.53200000000
Daytona-St. Augustine,95,11428,144605634.21900000000
East San Antonio Bay,0,171,3582315.17029000000
East San Antonio Bay,11,2817,1491140603.18000000000
East San Antonio Bay,21,3220,11524586.57230000000
East San Antonio Bay,22,3444,9089433.92944000000
East San Antonio Bay,23,2027,5740642.72157000000
East San Antonio Bay,24,486,2483850.28382000000
East San Antonio Bay,31,1772,11996979.18090000000
East San Antonio Bay,41,569,1790288.47046000000
East San Antonio Bay,42,515,1993639.71863000000
East San Antonio Bay,43,746,4883522.16797000000
East San Antonio Bay,52,2282,19500965.93630000000
East San Antonio Bay,71,2540,77044739.55690000000
East San Antonio Bay,81,2750,101035433.38600000000
East San Antonio Bay,82,191,20878414.72780000000
East San Antonio Bay,90,2486,16818154.32130000000
East San Antonio Bay,95,5503,266888478.73500000000
Edisto River,0,9,5383335.16846000000
Edisto River,11,5498,525637588.67800000000
Edisto River,21,17716,92291343.33800000000
Edisto River,22,12058,25226519.54040000000
Edisto River,23,3186,6254269.46412000000
Edisto River,24,524,1360626.77307000000
Edisto River,31,782,6262442.00134000000
Edisto River,41,6778,23544052.45970000000
Edisto River,42,21424,635430059.33500000000
Edisto River,43,3752,11795988.42770000000
Edisto River,52,8194,88581708.90200000000
Edisto River,71,5215,58283293.02980000000
Edisto River,81,6847,62049910.11660000000
Edisto River,82,4018,201511628.88800000000
Edisto River,90,16480,763086339.34900000000
Edisto River,95,9166,280169681.45100000000
Gunpowder-Patapsco,11,1861,326202867.55400000000
Gunpowder-Patapsco,21,86415,523565961.13600000000
Gunpowder-Patapsco,22,83588,383475258.35300000000
Gunpowder-Patapsco,23,52173,273623582.45500000000
Gunpowder-Patapsco,24,15580,138890171.47500000000
Gunpowder-Patapsco,31,1508,6761632.76368000000
Gunpowder-Patapsco,41,29255,924024123.68800000000
Gunpowder-Patapsco,42,2083,14659026.14140000000
Gunpowder-Patapsco,43,31668,140192899.83200000000
Gunpowder-Patapsco,52,4029,13750966.04920000000
Gunpowder-Patapsco,71,2997,12766358.96300000000
Gunpowder-Patapsco,81,23658,429393342.01400000000
Gunpowder-Patapsco,82,5054,313106992.24500000000
Gunpowder-Patapsco,90,7445,110916818.15200000000
Gunpowder-Patapsco,95,4521,39176944.46410000000
Hudson-Wappinger,11,1707,109468079.73600000000
Hudson-Wappinger,21,55008,200673013.18400000000
Hudson-Wappinger,22,60688,160570221.07500000000
Hudson-Wappinger,23,33486,114426239.58400000000
Hudson-Wappinger,24,7243,39726514.73690000000
Hudson-Wappinger,31,1428,7803717.68188000000
Hudson-Wappinger,41,20017,1347704870.39000000000
Hudson-Wappinger,42,2389,11723101.47400000000
Hudson-Wappinger,43,11085,44493847.20150000000
Hudson-Wappinger,52,2438,11103634.86330000000
Hudson-Wappinger,71,3477,13783726.31840000000
Hudson-Wappinger,81,17175,278870068.84500000000
Hudson-Wappinger,82,497,17923901.35800000000
Hudson-Wappinger,90,11292,205912440.52700000000
Hudson-Wappinger,95,4808,18692404.76070000000
Huron-Vermilion,11,1437,11231470.47270000000
Huron-Vermilion,21,29079,75925478.84220000000
Huron-Vermilion,22,25754,68404184.15680000000
Huron-Vermilion,23,12206,28812495.35520000000
Huron-Vermilion,24,2226,10137100.45170000000
Huron-Vermilion,31,650,3011493.71339000000
Huron-Vermilion,41,8902,335500350.66400000000
Huron-Vermilion,42,445,2199035.79712000000
Huron-Vermilion,43,7776,26979009.80990000000
Huron-Vermilion,52,531,3068834.64202000000
Huron-Vermilion,71,1598,6227494.06586000000
Huron-Vermilion,81,9731,145234117.77600000000
Huron-Vermilion,82,3962,1217820420.79000000000
Huron-Vermilion,90,5079,32192494.34050000000
Huron-Vermilion,95,1095,9830616.90216000000
Lower Cape Fear,0,9,2525399.28589000000
Lower Cape Fear,11,3000,46930360.63840000000
Lower Cape Fear,21,33610,122571692.19400000000
Lower Cape Fear,22,28131,90291076.03450000000
Lower Cape Fear,23,13239,45955005.55120000000
Lower Cape Fear,24,3084,11844547.75080000000
Lower Cape Fear,31,1494,8913767.37671000000
Lower Cape Fear,41,1704,4435403.21961000000
Lower Cape Fear,42,24695,795721755.29500000000
Lower Cape Fear,43,5214,18205014.11130000000
Lower Cape Fear,52,20989,176855257.50700000000
Lower Cape Fear,71,9092,108557848.99300000000
Lower Cape Fear,81,3374,7586145.56581000000
Lower Cape Fear,82,6874,275724167.54200000000
Lower Cape Fear,90,14436,984795727.94500000000
Lower Cape Fear,95,10787,128407580.80400000000
Lower Hudson,11,1233,235572534.44800000000
Lower Hudson,21,43672,238744852.43200000000
Lower Hudson,22,52431,151630012.35400000000
Lower Hudson,23,35108,133490541.76900000000
Lower Hudson,24,7538,152033051.59600000000
Lower Hudson,31,927,3053386.20300000000
Lower Hudson,41,15521,730721103.33300000000
Lower Hudson,42,2521,7248100.45167000000
Lower Hudson,43,12218,43565333.01090000000
Lower Hudson,52,1468,6257700.57679000000
Lower Hudson,71,2641,8569816.36963000000
Lower Hudson,81,5588,39366153.91840000000
Lower Hudson,82,30,372214.92919900000
Lower Hudson,90,3845,83885350.75380000000
Lower Hudson,95,2211,7867176.11390000000
Lynnhaven-Poquoson,11,1168,40973673.72440000000
Lynnhaven-Poquoson,21,14481,91550533.06280000000
Lynnhaven-Poquoson,22,15713,120631280.68500000000
Lynnhaven-Poquoson,23,11933,71929989.56910000000
Lynnhaven-Poquoson,24,4697,26896615.38390000000
Lynnhaven-Poquoson,31,599,3617237.76855000000
Lynnhaven-Poquoson,41,769,1582305.38635000000
Lynnhaven-Poquoson,42,3974,23245268.74690000000
Lynnhaven-Poquoson,43,2519,11348077.20340000000
Lynnhaven-Poquoson,52,478,1678658.80737000000
Lynnhaven-Poquoson,71,429,1193951.84326000000
Lynnhaven-Poquoson,81,872,1686568.27698000000
Lynnhaven-Poquoson,82,244,5011410.33325000000
Lynnhaven-Poquoson,90,3740,54189274.87790000000
Lynnhaven-Poquoson,95,3196,34448380.19720000000
Middle Hudson,11,4495,146080202.50900000000
Middle Hudson,21,88502,329455834.93700000000
Middle Hudson,22,89763,236056043.28500000000
Middle Hudson,23,46929,141540572.90000000000
Middle Hudson,24,9965,54726088.23850000000
Middle Hudson,31,3587,21012400.15410000000
Middle Hudson,41,64290,2373654058.83000000000
Middle Hudson,42,43157,355653861.53400000000
Middle Hudson,43,85904,1181256468.63000000000
Middle Hudson,52,6149,26806541.45960000000
Middle Hudson,71,7724,32789205.17580000000
Middle Hudson,81,41865,773601264.44500000000
Middle Hudson,82,2794,155854338.34100000000
Middle Hudson,90,24548,380180031.82500000000
Middle Hudson,95,10988,43843017.57660000000
Mississippi Coastal,0,39,77017886.49900000000
Mississippi Coastal,11,6461,111472986.04400000000
Mississippi Coastal,21,58858,266320833.09600000000
Mississippi Coastal,22,45704,225345364.26100000000
Mississippi Coastal,23,25335,104989769.60500000000
Mississippi Coastal,24,6784,29722721.31960000000
Mississippi Coastal,31,4158,45866065.37480000000
Mississippi Coastal,41,1903,4337235.07690000000
Mississippi Coastal,42,37099,1408516059.62000000000
Mississippi Coastal,43,7279,27432126.06810000000
Mississippi Coastal,52,30312,251766832.24200000000
Mississippi Coastal,71,14877,130763765.94500000000
Mississippi Coastal,81,11590,301818170.73700000000
Mississippi Coastal,82,286,18650611.53260000000
Mississippi Coastal,90,25687,1266551357.88000000000
Mississippi Coastal,95,15173,232550173.00400000000
Mobile Bay,11,1319,3849112265.71000000000
Mobile Bay,21,29170,169170064.86500000000
Mobile Bay,22,27045,114555048.21200000000
Mobile Bay,23,15891,66636210.41560000000
Mobile Bay,24,4668,20654098.81900000000
Mobile Bay,31,2122,9454865.32288000000
Mobile Bay,41,186,319829.06799300000
Mobile Bay,42,13125,216814907.12600000000
Mobile Bay,43,2628,9535372.06420000000
Mobile Bay,52,3858,21630487.55490000000
Mobile Bay,71,4495,27634284.06370000000
Mobile Bay,81,6455,107633147.77200000000
Mobile Bay,82,1797,203592879.87700000000
Mobile Bay,90,7493,256282174.59400000000
Mobile Bay,95,4726,55942769.91580000000
Monterey Bay,0,34,457669.02007800000
Monterey Bay,11,437,738719424.57400000000
Monterey Bay,21,19307,140862685.77400000000
Monterey Bay,22,20174,70379976.54680000000
Monterey Bay,23,8529,84436584.33950000000
Monterey Bay,24,3607,21534764.97060000000
Monterey Bay,31,563,5909979.43869000000
Monterey Bay,41,23,77128.26347410000
Monterey Bay,42,8860,404713263.16200000000
Monterey Bay,43,9776,96563328.66120000000
Monterey Bay,52,6554,101268515.41500000000
Monterey Bay,71,6387,156960517.99900000000
Monterey Bay,81,1613,18254854.25400000000
Monterey Bay,82,905,97387684.40870000000
Monterey Bay,90,1139,5749738.96609000000
Monterey Bay,95,1771,17803903.23290000000
Mullica-Toms,0,44,12997585.05250000000
Mullica-Toms,11,4360,1154328176.32000000000
Mullica-Toms,21,57671,225504988.52200000000
Mullica-Toms,22,61669,304028424.67300000000
Mullica-Toms,23,41748,234450822.05200000000
Mullica-Toms,24,11220,84454625.00610000000
Mullica-Toms,31,2687,41378378.79640000000
Mullica-Toms,41,19721,233412986.64600000000
Mullica-Toms,42,16925,536746428.61600000000
Mullica-Toms,43,26788,311236624.95100000000
Mullica-Toms,52,5515,38184670.73370000000
Mullica-Toms,71,5858,53559937.62820000000
Mullica-Toms,81,4119,12638354.53490000000
Mullica-Toms,82,2997,123677537.88800000000
Mullica-Toms,90,10890,875797259.98500000000
Mullica-Toms,95,7009,225237160.49200000000
Narragansett,0,6,2252273.23609000000
Narragansett,11,3183,5852390575.60000000000
Narragansett,21,80587,257347681.01800000000
Narragansett,22,116234,326892905.21400000000
Narragansett,23,73766,435275716.19600000000
Narragansett,24,29157,198604617.84700000000
Narragansett,31,4300,25536811.07490000000
Narragansett,41,29480,526101983.98100000000
Narragansett,42,21931,200942326.99100000000
Narragansett,43,49996,383566621.81100000000
Narragansett,52,3810,25510445.20570000000
Narragansett,71,11448,60471245.62680000000
Narragansett,81,10359,76991657.72550000000
Narragansett,82,1514,47596989.20750000000
Narragansett,90,19105,508804816.36000000000
Narragansett,95,8566,37641065.35030000000
New River,0,119,8555520.71230000000
New River,11,2327,1932367377.04000000000
New River,21,31118,125760955.40800000000
New River,22,27092,132221328.99200000000
New River,23,15801,70833155.54810000000
New River,24,4622,17306556.50940000000
New River,31,2620,21874134.48490000000
New River,41,951,2691572.41516000000
New River,42,15166,329859842.04700000000
New River,43,11840,55348123.67250000000
New River,52,9186,50637164.28230000000
New River,71,6342,46046055.43210000000
New River,81,2058,6542582.05261000000
New River,82,3922,145863703.97600000000
New River,90,8818,364227591.93400000000
New River,95,6705,101899113.95900000000
Ogeechee Coastal,0,8,6415941.74193000000
Ogeechee Coastal,11,11034,1010468525.07000000000
Ogeechee Coastal,21,27814,180537416.84000000000
Ogeechee Coastal,22,26111,105452662.03300000000
Ogeechee Coastal,23,14096,55353121.68270000000
Ogeechee Coastal,24,3679,19261166.22620000000
Ogeechee Coastal,31,3324,24989085.59870000000
Ogeechee Coastal,41,1378,2844924.52699000000
Ogeechee Coastal,42,27049,923721846.89900000000
Ogeechee Coastal,43,1950,6574882.79113000000
Ogeechee Coastal,52,8770,121166537.64000000000
Ogeechee Coastal,71,8542,99638387.97910000000
Ogeechee Coastal,81,1678,17452422.50980000000
Ogeechee Coastal,82,27,698138.85497900000
Ogeechee Coastal,90,22944,832481640.74700000000
Ogeechee Coastal,95,13024,910702420.12000000000
Pamunkey,11,3184,224371990.42100000000
Pamunkey,21,48821,206160095.59900000000
Pamunkey,22,24476,53862525.98870000000
Pamunkey,23,8443,21029032.20520000000
Pamunkey,24,1624,6930657.36694000000
Pamunkey,31,980,5733113.54371000000
Pamunkey,41,50172,752660934.21900000000
Pamunkey,42,27060,458867607.02800000000
Pamunkey,43,68190,838406858.28600000000
Pamunkey,52,16288,148029473.06200000000
Pamunkey,71,9917,173645910.65400000000
Pamunkey,81,16281,389581222.02800000000
Pamunkey,82,5545,347643872.17700000000
Pamunkey,90,9733,274851659.09700000000
Pamunkey,95,4355,38987886.86830000000
Patuxent,11,1328,139927212.10300000000
Patuxent,21,63026,293203341.01900000000
Patuxent,22,46216,207839014.01400000000
Patuxent,23,22936,118558039.88300000000
Patuxent,24,7299,34776152.24300000000
Patuxent,31,1425,7796294.63196000000
Patuxent,41,26830,705125057.95900000000
Patuxent,42,2980,16970611.26710000000
Patuxent,43,24995,244494386.71900000000
Patuxent,52,4779,19664442.03180000000
Patuxent,71,4238,19705387.44510000000
Patuxent,81,14640,243803813.73600000000
Patuxent,82,3988,208273154.81000000000
Patuxent,90,6865,138908185.59300000000
Patuxent,95,2744,22253052.22780000000
Piscataqua-Salmon Falls,0,127,23386570.23010000000
Piscataqua-Salmon Falls,11,3357,896797580.80900000000
Piscataqua-Salmon Falls,21,66046,218843168.04700000000
Piscataqua-Salmon Falls,22,68776,194757927.20900000000
Piscataqua-Salmon Falls,23,39310,123749114.31000000000
Piscataqua-Salmon Falls,24,7727,42250148.89070000000
Piscataqua-Salmon Falls,31,4406,23149754.04970000000
Piscataqua-Salmon Falls,41,36770,410834530.12400000000
Piscataqua-Salmon Falls,42,45082,483738692.62400000000
Piscataqua-Salmon Falls,43,63997,1155853138.60000000000
Piscataqua-Salmon Falls,52,8995,48889049.22180000000
Piscataqua-Salmon Falls,71,9514,49035346.82010000000
Piscataqua-Salmon Falls,81,13592,173308238.18200000000
Piscataqua-Salmon Falls,82,143,3496562.82807000000
Piscataqua-Salmon Falls,90,22948,530650936.42300000000
Piscataqua-Salmon Falls,95,11745,96369140.14890000000
Salkehatchie,0,6,5400.00000006000
Salkehatchie,11,7041,38724665.89970000000
Salkehatchie,21,39800,183752457.93500000000
Salkehatchie,22,31819,73676479.03750000000
Salkehatchie,23,8658,17643495.79470000000
Salkehatchie,24,1248,4227633.76465000000
Salkehatchie,31,581,1835469.19556000000
Salkehatchie,41,17958,68556011.38000000000
Salkehatchie,42,42705,1139674504.72000000000
Salkehatchie,43,7118,24447223.16890000000
Salkehatchie,52,24879,246721260.03100000000
Salkehatchie,71,13488,190710804.91300000000
Salkehatchie,81,11580,91285041.52220000000
Salkehatchie,82,9040,577177204.01000000000
Salkehatchie,90,27973,1453462918.12000000000
Salkehatchie,95,16317,397027483.59400000000
San Diego,0,7,3259668659.04000000000
San Diego,11,772,442439914.51900000000
San Diego,21,55158,300004980.21500000000
San Diego,22,67445,261268971.11000000000
San Diego,23,31850,501078727.95000000000
San Diego,24,19331,165058292.99200000000
San Diego,31,1138,5332133.54416000000
San Diego,41,52,150439.71862900000
San Diego,42,3919,34865255.93030000000
San Diego,43,3442,27990284.27120000000
San Diego,52,15994,2123186995.07000000000
San Diego,71,16698,252659410.29100000000
San Diego,81,627,6105334.20639000000
San Diego,82,203,4816324.02420000000
San Diego,90,2797,23927411.57000000000
San Diego,95,2576,28456730.79070000000
San Pablo Bay,11,2454,586816595.18100000000
San Pablo Bay,21,33894,172172316.05300000000
San Pablo Bay,22,42493,172972764.92900000000
San Pablo Bay,23,22367,221163169.25400000000
San Pablo Bay,24,9532,93565659.35010000000
San Pablo Bay,31,872,2513461.04822000000
San Pablo Bay,41,4176,25961450.80580000000
San Pablo Bay,42,14532,223669244.53700000000
San Pablo Bay,43,19412,182825024.54300000000
San Pablo Bay,52,24432,331504677.79500000000
San Pablo Bay,71,17103,672539304.69000000000
San Pablo Bay,81,690,13985692.65580000000
San Pablo Bay,82,1673,238171719.68700000000
San Pablo Bay,90,844,5197705.95074000000
San Pablo Bay,95,3227,135206355.41300000000
South Corpus Christi Bay,0,46,1269802.88086000000
South Corpus Christi Bay,11,776,25233928.00600000000
South Corpus Christi Bay,21,8827,44259015.97600000000
South Corpus Christi Bay,22,19807,48205914.86210000000
South Corpus Christi Bay,23,13230,111786124.87800000000
South Corpus Christi Bay,24,7753,58640868.18240000000
South Corpus Christi Bay,31,1861,16307012.46640000000
South Corpus Christi Bay,41,475,2354776.06201000000
South Corpus Christi Bay,42,357,973050.78735700000
South Corpus Christi Bay,43,558,2477221.49048000000
South Corpus Christi Bay,52,2112,24167639.68510000000
South Corpus Christi Bay,71,2847,34522569.88220000000
South Corpus Christi Bay,81,667,13560940.64030000000
South Corpus Christi Bay,82,770,347646929.86400000000
South Corpus Christi Bay,90,804,6855024.24317000000
South Corpus Christi Bay,95,2000,52629730.41690000000
St. Louis,11,5866,226271741.65200000000
St. Louis,21,44518,158275457.15800000000
St. Louis,22,43396,104366438.73800000000
St. Louis,23,22409,78112771.53860000000
St. Louis,24,6331,32933590.60360000000
St. Louis,31,4440,96739641.70530000000
St. Louis,41,47081,1138504492.21000000000
St. Louis,42,32062,236068298.17700000000
St. Louis,43,70233,800289671.40200000000
St. Louis,52,21475,116452103.30200000000
St. Louis,71,12915,87855398.61600000000
St. Louis,81,11279,186855075.65900000000
St. Louis,82,344,8325243.20297000000
St. Louis,90,43145,4026701705.29000000000
St. Louis,95,42875,303920966.72500000000
Strait of Georgia,0,1,1018159386.26000000000
Strait of Georgia,11,566,1012196030.93000000000
Strait of Georgia,21,12797,42649600.54310000000
Strait of Georgia,22,13377,51468180.53950000000
Strait of Georgia,23,7324,30285664.61150000000
Strait of Georgia,24,1941,13777428.92980000000
Strait of Georgia,31,1668,4930775.10423000000
Strait of Georgia,41,6720,59110623.12250000000
Strait of Georgia,42,5299,167660211.87700000000
Strait of Georgia,43,9261,101181392.92300000000
Strait of Georgia,52,2621,21288033.99210000000
Strait of Georgia,71,1950,11428773.37950000000
Strait of Georgia,81,6867,112625672.31900000000
Strait of Georgia,82,952,124262257.46000000000
Strait of Georgia,90,3720,45997277.92870000000
Strait of Georgia,95,4595,49759772.65030000000
Suisun Bay,11,3272,172654699.09900000000
Suisun Bay,21,20252,121324143.99400000000
Suisun Bay,22,27985,139135268.96200000000
Suisun Bay,23,16674,189905697.05000000000
Suisun Bay,24,6477,50527965.00350000000
Suisun Bay,31,508,2630788.75923000000
Suisun Bay,41,617,3706429.11644000000
Suisun Bay,42,4249,22413064.50490000000
Suisun Bay,43,6503,129125498.72500000000
Suisun Bay,52,11310,221160628.59100000000
Suisun Bay,71,9654,428493480.21000000000
Suisun Bay,81,230,2093865.77740000000
Suisun Bay,82,528,66260699.89530000000
Suisun Bay,90,413,1463886.17506000000
Suisun Bay,95,1686,235740445.18500000000
Tangier,11,4802,898649319.34200000000
Tangier,21,16957,74912167.11730000000
Tangier,22,14335,48852456.64670000000
Tangier,23,7589,24954821.79570000000
Tangier,24,1990,10817251.11700000000
Tangier,31,1085,2932503.41492000000
Tangier,41,3462,11235557.81250000000
Tangier,42,7071,107989834.79000000000
Tangier,43,9417,53494764.91700000000
Tangier,52,1977,7468986.81334000000
Tangier,71,909,3068443.07557000000
Tangier,81,1211,8447859.47571000000
Tangier,82,3728,379565082.55900000000
Tangier,90,10086,508109202.05400000000
Tangier,95,6957,374682337.97600000000
Waccamaw,11,3821,85403526.11390000000
Waccamaw,21,57417,223615331.43300000000
Waccamaw,22,47139,145141929.24500000000
Waccamaw,23,20624,69397407.33950000000
Waccamaw,24,4861,13495199.16690000000
Waccamaw,31,839,3485839.25172000000
Waccamaw,41,1387,3647005.58166000000
Waccamaw,42,33537,779370512.06300000000
Waccamaw,43,6582,21982038.24460000000
Waccamaw,52,21408,169991518.93600000000
Waccamaw,71,10322,107335433.55100000000
Waccamaw,81,3970,10372834.01180000000
Waccamaw,82,12309,731640614.66700000000
Waccamaw,90,20279,1483960515.13000000000
Waccamaw,95,17762,132551310.47100000000
York,11,1061,167100146.19100000000
York,21,9938,57135664.59960000000
York,22,7411,22534088.43380000000
York,23,3406,13408150.06710000000
York,24,1154,3535365.42663000000
York,31,307,1248945.44677000000
York,41,5118,27051666.17430000000
York,42,7126,97051860.02200000000
York,43,8796,152327860.75700000000
York,52,1511,14340702.14540000000
York,71,996,12182352.48410000000
York,81,1792,5265019.74793000000
York,82,1801,61739700.12820000000
York,90,4515,67266634.24070000000
York,95,2121,28339078.07920000000
