"station","param","trend_in_log","ciLow_trend","ciHigh_trend","p_trend","sig_seasonality","trend_multiplicative","trend_pctPerYear","ciLow_pctPerYear","ciHigh_pctPerYear"
"acefcnut","chla_n",-0.00431885880835295,-0.0243817645392006,0.0157440469224947,0.673515636913923,"yes",0.9957,-0.429999999999997,-2.41,1.59
"acemcnut","chla_n",-0.0213249074632986,-0.0350234899648213,-0.00762632496177584,0.00256852074447563,"yes",0.9789,-2.11,-3.44,-0.760000000000005
"acespnut","chla_n",0.00222478144977515,-0.0110713043631897,0.01552086726274,0.743260211496382,"yes",1.0022,0.219999999999998,-1.1,1.56000000000001
"apacpnut","chla_n",0.0599816529292897,0.0435112427843214,0.076452063074258,1.39236865663479e-11,"yes",1.0618,6.18000000000001,4.45,7.94999999999999
"apadbnut","chla_n",0.0561133767341767,0.0401016039956355,0.0721251494727179,7.00709265293976e-11,"yes",1.0577,5.77000000000001,4.08999999999999,7.48
"apaebnut","chla_n",0.0171366958232709,-0.0121779087006717,0.0464513003472135,0.253130786896767,"no",1.0173,1.73000000000001,-1.21,4.75000000000001
"apaesnut","chla_n",0.0126800020717349,-0.0152620042971063,0.0406220084405762,0.374751588908027,"no",1.0128,1.27999999999999,-1.51,4.15000000000001
"cbmipnut","chla_n",-0.0521406595094085,-0.0684983207753929,-0.035782998243424,2.36041774166364e-09,"yes",0.9492,-5.08,-6.62,-3.52
"cbmmcnut","chla_n",0.0296771488997015,-0.00594811614104195,0.0653024139404449,0.104229007030749,"yes",1.0301,3.01,-0.590000000000002,6.74999999999999
"cbmocnut","chla_n",-0.00781930314026091,-0.0321085924282415,0.0164699861477197,0.528856608179152,"yes",0.9922,-0.780000000000003,-3.16,1.65999999999999
"cbmrrnut","chla_n",-0.0190767955372303,-0.0457668689325034,0.00761327785804275,0.162688770187369,"yes",0.9811,-1.89,-4.47,0.760000000000005
"cbvcbnut","chla_n",0.0313738273198014,0.0139567260823762,0.0487909285572265,0.000497005783448625,"yes",1.0319,3.19,1.41,5
"cbvginut","chla_n",0.00998295690533028,-0.0144756930454828,0.0344416068561434,0.424507810395087,"yes",1.01,1,-1.44,3.49999999999999
"cbvtcnut","chla_n",0.00582534572795053,-0.0188447321302252,0.0304954235861263,0.643922309168414,"yes",1.0058,0.580000000000003,-1.87,3.09999999999999
"delblnut","chla_n",0.0885471791423609,0.0533334186629396,0.123760939621782,1.57287550803787e-06,"yes",1.0926,9.26,5.48,13.17
"deldsnut","chla_n",0.0398536888504328,0.00422512837983508,0.0754822493210305,0.029328272018718,"yes",1.0407,4.07,0.419999999999998,7.84
"delllnut","chla_n",0.034466363298627,0.00629857265863439,0.0626341539386197,0.0172573130047926,"yes",1.0351,3.50999999999999,0.629999999999997,6.46
"delslnut","chla_n",0.0421673450701609,0.0180405298056181,0.0662941603347037,0.000723835966701769,"yes",1.0431,4.30999999999999,1.82,6.85
"elkapnut","chla_n",0.0495270641419915,0.026972120648007,0.0720820076359761,2.5228762476832e-05,"yes",1.0508,5.08,2.73000000000001,7.47
"elknmnut","chla_n",0.036932860097102,0.0104168825680419,0.0634488376261622,0.00684612623869669,"yes",1.0376,3.76000000000001,1.05,6.54999999999999
"elksmnut","chla_n",0.0309999358145622,0.00855743311427224,0.0534424385148521,0.00731492456387138,"yes",1.0315,3.15000000000001,0.859999999999994,5.48999999999999
"elkvmnut","chla_n",0.0440807806157865,0.0185752643108373,0.0695862969207358,0.000839954152741427,"no",1.0451,4.50999999999999,1.86999999999999,7.21000000000001
"gndbcnut","chla_n",0.0918339037015889,0.0569619963219695,0.126705811081208,6.04655408827734e-07,"yes",1.0962,9.62000000000001,5.86,13.51
"gndbhnut","chla_n",0.0828995569031537,0.0449758896938655,0.120823224112442,2.92431077883541e-05,"yes",1.0864,8.64,4.6,12.84
"gndblnut","chla_n",0.114250078511456,0.0818135734287505,0.146686583594161,6.89732411569093e-11,"yes",1.121,12.1,8.52999999999999,15.8
"gndpcnut","chla_n",0.0905479761585739,0.0533317824823252,0.127764169834823,3.73349805814477e-06,"yes",1.0948,9.48,5.48,13.63
"grbgbnut","chla_n",0.0196971431231543,0.00172811063869006,0.0376661756076186,0.0336247133875107,"yes",1.0199,1.99,0.170000000000003,3.84
"grblrnut","chla_n",0.00954179559475891,-0.0192469756364704,0.0383305668259882,0.517171870804341,"yes",1.0096,0.960000000000005,-1.91,3.90999999999999
"grbornut","chla_n",0.0632983212348912,0.0399534609228414,0.086643181546941,6.52472948670863e-07,"yes",1.0653,6.52999999999999,4.07999999999999,9.05
"grbsqnut","chla_n",0.00822496652032334,-0.0106278509201553,0.0270777839608019,0.394277455493461,"yes",1.0083,0.829999999999997,-1.06000000000001,2.74000000000001
"gtmfmnut","chla_n",0.0229073734244461,0.0100574393245569,0.0357573075243352,0.000568119265197556,"yes",1.0232,2.32000000000001,1.01,3.64
"gtmpcnut","chla_n",0.0225979365242059,-0.00251794780909924,0.047713820857511,0.0791332417262354,"yes",1.0229,2.28999999999999,-0.249999999999995,4.88999999999999
"gtmpinut","chla_n",0.00727296357133942,-0.00609687213172725,0.0206427992744061,0.287435060897666,"yes",1.0073,0.730000000000008,-0.609999999999999,2.08999999999999
"gtmssnut","chla_n",0.0197521299836437,0.00786194891646266,0.0316423110508248,0.00129628332289488,"yes",1.0199,1.99,0.790000000000002,3.21
"hudtnnut","chla_n",-0.0212020192202177,-0.0635445129619345,0.0211404745214991,0.328305669736717,"yes",0.979,-2.1,-6.16,2.14000000000001
"hudtsnut","chla_n",-0.0358761355797129,-0.0719325744055007,0.000180303246075,0.0533799572290252,"yes",0.9648,-3.52,-6.94,0.0199999999999978
"jacb6nut","chla_n",0.0373222340503246,0.0166208899460609,0.0580235781545884,0.000534236934670717,"yes",1.038,3.8,1.67999999999999,5.97000000000001
"jacb9nut","chla_n",0.0323246798317115,0.0141925953097691,0.0504567643536539,0.000617201510090158,"yes",1.0329,3.28999999999999,1.43,5.18000000000001
"jacbanut","chla_n",0.0367012084559556,0.00416332223678071,0.0692390946751304,0.0284351531559251,"yes",1.0374,3.74000000000001,0.419999999999998,7.17000000000001
"jacnenut","chla_n",0.0366149393503131,0.0133620149778105,0.0598678637228158,0.0023847720210423,"yes",1.0373,3.73000000000001,1.35000000000001,6.17000000000001
"job09nut","chla_n",0.0224722798706637,-0.0295616395084925,0.07450619924982,0.39904486601356,"yes",1.0227,2.26999999999999,-2.91,7.73999999999999
"job10nut","chla_n",0.0414199368187851,0.000524570562141578,0.0823153030754286,0.0494843070842478,"yes",1.0423,4.23,0.0499999999999945,8.58000000000001
"job19nut","chla_n",0.031795713751358,0.00521627151509297,0.058375155987623,0.0207262483646593,"yes",1.0323,3.23,0.520000000000009,6.01
"job20nut","chla_n",0.0547267254720438,0.0232011292491277,0.0862523216949599,0.000911129537214281,"yes",1.0563,5.63,2.35000000000001,9.01000000000001
"kachdnut","chla_n",0.067343759540119,0.0520448903000361,0.0826426287802019,1.09770662399638e-15,"yes",1.0697,6.97000000000001,5.33999999999999,8.62
"kacsdnut","chla_n",0.0326186911442511,0.0147882241494713,0.0504491581390309,0.000413174706147929,"yes",1.0332,3.31999999999999,1.48999999999999,5.17000000000001
"kacssnut","chla_n",0.0276276947346917,0.0124535769106165,0.042801812558767,0.000437429654674943,"yes",1.028,2.8,1.25,4.37000000000001
"lksbanut","chla_n",-0.0119898652802994,-0.0896463581031236,0.0656666275425248,0.763330547438965,"yes",0.9881,-1.19,-8.57,6.79000000000001
"lksblnut","chla_n",0.0178664729412021,-0.076282540014487,0.112015485896891,0.711347065028326,"yes",1.018,1.8,-7.34,11.85
"lksolnut","chla_n",-0.00687828598584524,-0.066581453843553,0.0528248818718625,0.822177645899888,"yes",0.9931,-0.690000000000002,-6.44,5.42
"marabnut","chla_n",0.0381032768284006,0.0126871160740213,0.0635194375827799,0.0037340470685219,"yes",1.0388,3.87999999999999,1.27999999999999,6.56000000000001
"marcenut","chla_n",0.0398771581694555,0.00761546608195232,0.0721388502569587,0.0164309409410947,"yes",1.0407,4.07,0.760000000000005,7.48
"marcwnut","chla_n",0.0388071532975485,0.00746643941273211,0.0701478671823648,0.0162606950708137,"yes",1.0396,3.96000000000001,0.750000000000006,7.27
"marmbnut","chla_n",0.0327491435679094,0.00991109620057361,0.0555871909352453,0.00552738698451618,"yes",1.0333,3.33000000000001,1,5.71999999999999
"marscnut","chla_n",0.0347664673022212,0.00974325658159608,0.0597896780228463,0.00710361511271353,"no",1.0354,3.54000000000001,0.980000000000003,6.16000000000001
"narncnut","chla_n",0.0611375243743167,0.0439045430413634,0.0783705057072701,8.56908240452603e-11,"yes",1.063,6.29999999999999,4.48999999999999,8.14999999999999
"narpcnut","chla_n",0.0328610163591604,0.0147716035233624,0.0509504291949585,0.000467202425546528,"yes",1.0334,3.34000000000001,1.48999999999999,5.23
"nartbnut","chla_n",0.0318599294835456,0.0141900739665751,0.049529785000516,0.000512523652436307,"yes",1.0324,3.24,1.43,5.08
"nartsnut","chla_n",0.0338348250913972,0.0130999003848118,0.0545697497979826,0.00162365000383277,"yes",1.0344,3.44,1.32000000000001,5.61
"niwcbnut","chla_n",0.0402529032305094,0.0286525865402353,0.0518532199207836,9.36532246594626e-11,"yes",1.0411,4.10999999999999,2.90999999999999,5.31999999999999
"niwdcnut","chla_n",0.0293517712956169,0.0181318008120755,0.0405717417791583,6.67984767231112e-07,"yes",1.0298,2.98,1.83,4.14000000000001
"niwolnut","chla_n",0.0344934015721139,0.0209258082246675,0.0480609949195604,1.25504657235384e-06,"yes",1.0351,3.50999999999999,2.10999999999999,4.91999999999999
"niwtanut","chla_n",0.0206903792623211,-0.000247100772587276,0.0416278592972295,0.0540421295008053,"yes",1.0209,2.08999999999999,-0.0199999999999978,4.25
"nocecnut","chla_n",0.0799897116520551,0.0573647819197148,0.102614641384395,5.33519829068602e-11,"yes",1.0833,8.32999999999999,5.89999999999999,10.81
"noclcnut","chla_n",0.0618973504709787,0.0428119672173106,0.0809827337246468,1.24465748233171e-09,"yes",1.0639,6.39000000000001,4.37000000000001,8.44
"nocrcnut","chla_n",0.0441261123070258,0.0234334684427508,0.0648187561713008,4.42695260244681e-05,"yes",1.0451,4.50999999999999,2.37000000000001,6.69999999999999
"noczbnut","chla_n",0.0874898209498712,0.0712278236141751,0.103751818285567,5.83629235132639e-21,"yes",1.0914,9.13999999999999,7.38000000000001,10.93
"owcbrnut","chla_n",-0.000370283905688047,-0.0238041874950642,0.0230636196836881,0.975325603736115,"yes",0.9996,-0.0399999999999956,-2.35,2.33000000000001
"owcdrnut","chla_n",0.0599506256503158,0.0139081652234113,0.10599308607722,0.0118044728963787,"yes",1.0618,6.18000000000001,1.4,11.18
"owcolnut","chla_n",0.0620042886802341,0.0355773000863101,0.0884312772741582,7.74259368146952e-06,"yes",1.064,6.40000000000001,3.62,9.25
"owcwmnut","chla_n",0.053021427524588,0.0278972552429845,0.0781455998061915,5.27064045619921e-05,"yes",1.0545,5.45,2.83,8.12999999999999
"pdbbpnut","chla_n",0.0185633922495231,0.00506774371898682,0.0320590407800594,0.00752657003078149,"yes",1.0187,1.86999999999999,0.51000000000001,3.26
"pdbbynut","chla_n",0.0147452183567378,0.00108535327860146,0.0284050834348741,0.0354363261070011,"yes",1.0149,1.48999999999999,0.11000000000001,2.87999999999999
"pdbgsnut","chla_n",0.00987020583355374,-0.00913698915054576,0.0288774008176532,0.30994307464577,"yes",1.0099,0.990000000000002,-0.91,2.93000000000001
"rkbfbnut","chla_n",0.0199994615394444,0.00783830578566279,0.0321606172932261,0.00144959171417844,"yes",1.0202,2.02,0.790000000000002,3.27
"rkbfunut","chla_n",0.00946356884992498,-0.00124035477431548,0.0201674924741654,0.084436430459045,"yes",1.0095,0.950000000000006,-0.119999999999998,2.04
"rkblhnut","chla_n",0.014938277847201,-0.000850029699424977,0.030726585393827,0.0649505896406019,"yes",1.0151,1.50999999999999,-0.0800000000000023,3.11999999999999
"rkbmbnut","chla_n",0.00670653895749891,-0.00464548089927822,0.018058558814276,0.248074504605776,"yes",1.0067,0.669999999999993,-0.460000000000005,1.82
"sapcanut","chla_n",-0.00995966282110328,-0.0215048982707976,0.00158557262859106,0.0927909304681971,"yes",0.9901,-0.990000000000002,-2.13,0.160000000000005
"sapdcnut","chla_n",0.0195425855923283,-0.00187470796582271,0.0409598791504792,0.0755708246726544,"yes",1.0197,1.97000000000001,-0.190000000000001,4.18000000000001
"saphdnut","chla_n",0.0120974257450008,-0.00364944832652372,0.0278442998165254,0.133819064719276,"yes",1.0122,1.22,-0.360000000000005,2.82
"sapldnut","chla_n",0.00880525199402207,-0.000894459138406044,0.0185049631264502,0.0768031647909875,"yes",1.0088,0.879999999999992,-0.0900000000000012,1.86999999999999
"sfbccnut","chla_n",0.0035254820063616,-0.0342648375857596,0.0413158015984828,0.855153078000807,"no",1.0035,0.350000000000006,-3.37,4.22
"sfbfmnut","chla_n",-0.0533739300687047,-0.0798928543851774,-0.026855005752232,0.000124457133231262,"yes",0.948,-5.2,-7.68,-2.65
"sfbgcnut","chla_n",-0.00786444570603831,-0.0404941283328431,0.0247652369207665,0.637283596429238,"yes",0.9922,-0.780000000000003,-3.97,2.50999999999999
"sfbsmnut","chla_n",-0.0423262979612586,-0.0686970017907767,-0.0159555941317405,0.00203041893764748,"yes",0.9586,-4.14,-6.64,-1.58
"soschnut","chla_n",0.027674705084395,0.0108362731214109,0.0445131370473792,0.00151878664651597,"yes",1.0281,2.81,1.08999999999999,4.55000000000001
"sosvanut","chla_n",0.0205567270088959,0.00435312178197598,0.0367603322358158,0.0138359044407071,"yes",1.0208,2.07999999999999,0.439999999999996,3.74000000000001
"soswinut","chla_n",0.0390192270450797,0.0156283977110927,0.0624100563790667,0.00129556270829341,"yes",1.0398,3.98000000000001,1.58,6.44
"tjrbrnut","chla_n",0.0499175208411529,0.0114376799202775,0.0883973617620283,0.0118358689336163,"yes",1.0512,5.11999999999999,1.15000000000001,9.24
"tjrosnut","chla_n",0.0645537931822549,0.025968364816246,0.103139221548264,0.00125110627138107,"yes",1.0667,6.67,2.63,10.86
"tjrprnut","chla_n",-0.0241086318240296,-0.0589229426792392,0.01070567903118,0.177593473942415,"no",0.9762,-2.38,-5.72,1.07999999999999
"tjrsbnut","chla_n",-0.0462154985052803,-0.079944601421159,-0.0124863955894016,0.00805158129786332,"no",0.9548,-4.52,-7.68,-1.24
"welhtnut","chla_n",-0.0680807179585073,-0.112700870024497,-0.0234605658925178,0.00339071859193548,"yes",0.9342,-6.58,-10.66,-2.32
"welinnut","chla_n",-0.0295063526555619,-0.0570493192627302,-0.00196338604839367,0.0373278019127004,"yes",0.9709,-2.91,-5.55,-0.2
"wellmnut","chla_n",-0.0270167270363898,-0.0645011844309547,0.0104677303581751,0.160435406410806,"yes",0.9733,-2.66999999999999,-6.25,1.05
"welsmnut","chla_n",0.0233711237906161,-0.0137796776564156,0.0605219252376478,0.220284879560346,"yes",1.0236,2.36000000000001,-1.37,6.24
"wkbfrnut","chla_n",0.065749544604163,0.031399442508817,0.100099646699509,0.000227521951141778,"yes",1.068,6.80000000000001,3.19,10.53
"wkbmbnut","chla_n",0.0300630871236673,0.00510081761159417,0.0550253566357404,0.0191508635250905,"no",1.0305,3.05,0.51000000000001,5.66
"wkbmrnut","chla_n",0.045063100521038,0.0193365338685259,0.07078966717355,0.000718675150580988,"yes",1.0461,4.61,1.95000000000001,7.33999999999999
"wkbwbnut","chla_n",0.027916964072142,-1.10698493902307e-05,0.0558449979936742,0.0513956714655618,"no",1.0283,2.83,0,5.73999999999999
"wqbcrnut","chla_n",0.0258202732894742,0.00353036364647364,0.0481101829324747,0.0245140488142654,"yes",1.0262,2.62,0.350000000000006,4.92999999999999
"wqbmhnut","chla_n",0.0401946842085594,0.0239088128274526,0.0564805555896661,2.86819999871627e-06,"yes",1.041,4.09999999999999,2.42,5.81
"wqbmpnut","chla_n",0.0542977166880306,0.037573401573231,0.0710220318028303,2.91904329554065e-09,"yes",1.0558,5.58000000000001,3.83,7.36000000000001
"wqbslnut","chla_n",0.0677318716904687,0.0445604696152894,0.090903273765648,6.4393924227782e-08,"yes",1.0701,7.01000000000001,4.56000000000001,9.52
"acefcnut","po4f",-0.0207860294537897,-0.0313582856893666,-0.0102137732182129,0.000151916799696356,"yes",0.9794,-2.06,-3.09,-1.02
"acemcnut","po4f",-0.0208852009559954,-0.0319829362622993,-0.00978746564969157,0.000282880292532683,"yes",0.9793,-2.07000000000001,-3.15,-0.970000000000004
"acespnut","po4f",-0.0342973090987689,-0.0508267364684504,-0.0177678817290875,6.56258623383589e-05,"yes",0.9663,-3.37,-4.96,-1.75999999999999
"apacpnut","po4f",-0.0192209739923501,-0.0594576108423141,0.0210156628576139,0.350146232774296,"no",0.981,-1.9,-5.77,2.12000000000001
"apadbnut","po4f",0.00182456056337534,-0.0407341661073393,0.04438328723409,0.933112194561229,"no",1.0018,0.180000000000002,-3.99,4.54000000000001
"apaebnut","po4f",-0.023352248769103,-0.0711709027814246,0.0244664052432186,0.339548187660521,"no",0.9769,-2.31,-6.87,2.47999999999999
"apaesnut","po4f",-0.0357575097590393,-0.0883007977160881,0.0167857781980095,0.183642526031351,"no",0.9649,-3.51,-8.45,1.68999999999999
"cbmipnut","po4f",-0.0812829397945284,-0.103422415865479,-0.0591434637235775,1.13970605994214e-11,"yes",0.9219,-7.81,-9.83000000000001,-5.74
"cbmmcnut","po4f",0.0129109554401402,0.000864895581241271,0.0249570152990392,0.0370961167456767,"yes",1.013,1.29999999999999,0.0899999999999901,2.53000000000001
"cbmocnut","po4f",-0.0229308589026322,-0.0357448224746034,-0.010116895330661,0.000571683749078974,"no",0.9773,-2.27000000000001,-3.51,-1.01
"cbmrrnut","po4f",-0.0324117627047595,-0.0432988086736649,-0.021524716735854,2.07278935649929e-08,"yes",0.9681,-3.19,-4.24,-2.13
"cbvcbnut","po4f",0.0241273308150791,0.00390374980079373,0.0443509118293645,0.0202937965651672,"yes",1.0244,2.44,0.390000000000001,4.52999999999999
"cbvginut","po4f",0.051981615861011,0.0246136960669352,0.0793495356550867,0.000248244152009364,"yes",1.0534,5.33999999999999,2.48999999999999,8.26
"cbvtcnut","po4f",0.0210256609827512,0.0064288562657516,0.0356224656997508,0.00519709819150816,"yes",1.0212,2.12000000000001,0.639999999999996,3.63
"delblnut","po4f",0.0193079583391711,-0.00545260898551869,0.0440685256638608,0.127804222764869,"yes",1.0195,1.95000000000001,-0.539999999999996,4.50999999999999
"deldsnut","po4f",0.0656852165128977,0.0385072529741246,0.0928631800516708,3.80309000483275e-06,"yes",1.0679,6.79000000000001,3.92999999999999,9.72999999999999
"delllnut","po4f",0.0149700041955479,-0.00606249771446375,0.0360025061055596,0.164364151765488,"yes",1.0151,1.50999999999999,-0.600000000000001,3.67
"delslnut","po4f",0.00181782794461876,-0.0148432143895098,0.0184788702787474,0.830853721732333,"yes",1.0018,0.180000000000002,-1.47,1.86999999999999
"elkapnut","po4f",-0.0256550556135824,-0.0419834462792909,-0.00932666494787386,0.00232780942981575,"yes",0.9747,-2.53,-4.11,-0.929999999999997
"elknmnut","po4f",-0.00516796941712596,-0.0151443297155207,0.00480839088126877,0.311041928924346,"yes",0.9948,-0.519999999999998,-1.5,0.479999999999992
"elksmnut","po4f",-0.0245299957465006,-0.0330766642917979,-0.0159833272012033,5.35473894514962e-08,"yes",0.9758,-2.42,-3.25,-1.59
"elkvmnut","po4f",-0.0289575337397785,-0.039308837799528,-0.018606229680029,1.15436253488681e-07,"yes",0.9715,-2.85,-3.85,-1.84
"gndbcnut","po4f",-0.0172894013266592,-0.0532310203731327,0.0186522177198144,0.347001001042313,"yes",0.9829,-1.71,-5.18,1.87999999999999
"gndbhnut","po4f",-0.0292824244033045,-0.0571140793168118,-0.00145076948979724,0.0406443872028024,"yes",0.9711,-2.89,-5.55,-0.139999999999996
"gndblnut","po4f",-0.056002921691622,-0.127588838898235,0.0155829955149909,0.12692138482153,"yes",0.9455,-5.45,-11.98,1.57
"gndpcnut","po4f",0.026143083299449,-0.0282757276760365,0.0805618942749344,0.347732993866152,"yes",1.0265,2.65,-2.79,8.39000000000001
"grbgbnut","po4f",-0.00482249639226506,-0.0198065130872669,0.0101615203027368,0.529052444817196,"yes",0.9952,-0.480000000000003,-1.96,1.02
"grblrnut","po4f",0.0548586968370686,0.0277746833239172,0.08194271035022,0.000107325213706942,"yes",1.0564,5.64,2.82,8.53999999999999
"grbornut","po4f",0.0288234437069071,0.0101888194907574,0.0474580679230569,0.00287856863138506,"yes",1.0292,2.91999999999999,1.02,4.86
"grbsqnut","po4f",0.0113652376262922,-0.00445188600059049,0.0271823612531749,0.16099084512409,"yes",1.0114,1.14000000000001,-0.439999999999996,2.76000000000001
"gtmfmnut","po4f",0.00290068282765544,-0.0116952752592554,0.0174966409145662,0.69724508526767,"yes",1.0029,0.28999999999999,-1.16000000000001,1.77
"gtmpcnut","po4f",0.0195216237079522,0.00956526217414042,0.0294779852417639,0.000156593013958185,"yes",1.0197,1.97000000000001,0.960000000000005,2.99
"gtmpinut","po4f",0.0301630786876412,0.0137124375842515,0.0466137197910309,0.000396151961782017,"yes",1.0306,3.06,1.38,4.77000000000001
"gtmssnut","po4f",0.0117802288136495,-0.0117718641232553,0.0353323217505543,0.327909051613879,"yes",1.0118,1.18,-1.17,3.6
"hudtnnut","po4f",0.0201007660235305,0.00189128725359648,0.0383102447934646,0.0320013248125406,"yes",1.0203,2.03,0.190000000000001,3.90999999999999
"hudtsnut","po4f",0.0206908944014885,0.000709026219259831,0.0406727625837173,0.044108562123008,"yes",1.0209,2.08999999999999,0.0699999999999923,4.15000000000001
"jacb6nut","po4f",-0.0260674110598426,-0.0468045173339644,-0.0053303047857208,0.0148306992825971,"yes",0.9743,-2.56999999999999,-4.57,-0.529999999999997
"jacb9nut","po4f",-0.0373999258462296,-0.0646622037446577,-0.0101376479478016,0.00795272918779761,"yes",0.9633,-3.67,-6.26,-1.01
"jacbanut","po4f",-0.0269950260465315,-0.0638334378430277,0.00984338574996477,0.152887657214932,"yes",0.9734,-2.66,-6.18,0.990000000000002
"jacnenut","po4f",-0.0171479651519898,-0.0619299994393057,0.027634069135326,0.454087609686071,"yes",0.983,-1.7,-6.01,2.8
"job09nut","po4f",-0.148441520013283,-0.204399776093875,-0.0924832639326912,5.45897497698052e-07,"no",0.8621,-13.79,-18.49,-8.83000000000001
"job10nut","po4f",-0.182412198813752,-0.254507290570647,-0.110317107056858,1.63745767729971e-06,"no",0.8333,-16.67,-22.47,-10.44
"job19nut","po4f",-0.208156812606297,-0.278219074995433,-0.138094550217161,2.58560864030974e-08,"no",0.8121,-18.79,-24.29,-12.9
"job20nut","po4f",-0.18175274460792,-0.257055705128863,-0.106449784086977,4.49328111430233e-06,"no",0.8338,-16.62,-22.67,-10.1
"kachdnut","po4f",-0.00821956450357102,-0.0238953514155389,0.00745622240839687,0.305405267139066,"yes",0.9918,-0.819999999999999,-2.36,0.750000000000006
"kacsdnut","po4f",-0.00618284967994965,-0.0182766936684373,0.00591099430853797,0.317538052575194,"yes",0.9938,-0.619999999999998,-1.81,0.590000000000002
"kacssnut","po4f",-0.00341447996620358,-0.0183111283622187,0.0114821684298115,0.653731524400202,"yes",0.9966,-0.339999999999996,-1.81,1.15000000000001
"lksbanut","po4f",0.0141977737426333,-0.103342679913419,0.131738227398686,0.81400545686997,"no",1.0143,1.43,-9.81999999999999,14.08
"lksblnut","po4f",0.0775752272125504,-0.0526480963006568,0.207798550725758,0.250149010618986,"no",1.0807,8.07,-5.13,23.1
"lksolnut","po4f",0.0113156845614589,-0.106563570023805,0.129194939146723,0.851849506919568,"no",1.0114,1.14000000000001,-10.11,13.79
"marabnut","po4f",0.133108697486495,0.0846127830181358,0.181604611954854,5.14912677920832e-07,"yes",1.1424,14.24,8.83000000000001,19.91
"marcenut","po4f",0.0807137377146797,0.0432587622137653,0.118168713215594,5.34794501579205e-05,"no",1.0841,8.41000000000001,4.42,12.54
"marcwnut","po4f",0.0742495957365314,0.0173924230038834,0.131106768469179,0.0119945905399248,"no",1.0771,7.70999999999999,1.75000000000001,14.01
"marmbnut","po4f",0.0685973236225064,0.0302251552302987,0.106969492014714,0.000697255759141737,"yes",1.071,7.1,3.06999999999999,11.29
"marscnut","po4f",0.174820919566674,0.131938491541184,0.217703347592163,2.56494405534102e-12,"yes",1.191,19.1,14.1,24.32
"narncnut","po4f",-0.0066192165852587,-0.0300178248873604,0.016779391716843,0.580172889697661,"yes",0.9934,-0.660000000000005,-2.96,1.68999999999999
"narpcnut","po4f",-0.0287868909388079,-0.0510032947837449,-0.00657048709387093,0.0120844681971277,"yes",0.9716,-2.84,-4.97,-0.649999999999995
"nartbnut","po4f",-0.0335657542676211,-0.0529955616187109,-0.0141359469165313,0.00090349076185651,"yes",0.967,-3.3,-5.16,-1.4
"nartsnut","po4f",-0.0339580126156009,-0.0561952399321013,-0.0117207852991005,0.00322708853635244,"yes",0.9666,-3.34,-5.46,-1.17
"niwcbnut","po4f",0.00465625319969132,-0.0052555212917453,0.0145680276911279,0.358143030552938,"yes",1.0047,0.469999999999993,-0.519999999999998,1.46999999999999
"niwdcnut","po4f",0.00703399179904439,-0.00109792296106594,0.0151659065591547,0.091435397751758,"yes",1.0071,0.710000000000011,-0.109999999999999,1.53000000000001
"niwolnut","po4f",0.0150664826764404,0.00647015568447964,0.0236628096684012,0.000700429620689544,"yes",1.0152,1.52000000000001,0.649999999999995,2.39
"niwtanut","po4f",0.00383311456270673,-0.0124963079729672,0.0201625370983807,0.645891054876365,"yes",1.0038,0.380000000000003,-1.24,2.04
"nocecnut","po4f",-0.00619225060582271,-0.0280051944768908,0.0156206932652454,0.578529243067555,"yes",0.9938,-0.619999999999998,-2.76,1.57
"noclcnut","po4f",-0.0511067976234984,-0.0845453412705521,-0.0176682539764446,0.00305337318435491,"no",0.9502,-4.98,-8.11,-1.75
"nocrcnut","po4f",-0.0413957589498377,-0.081300183390096,-0.00149133450957928,0.0433596976196308,"yes",0.9594,-4.06,-7.81,-0.149999999999995
"noczbnut","po4f",-0.00890587900673891,-0.0298795935776999,0.0120678355642221,0.406223508601178,"yes",0.9911,-0.890000000000002,-2.94,1.21
"owcbrnut","po4f",0.0145636211411996,-0.00377903584182132,0.0329062781242205,0.121365515548908,"yes",1.0147,1.46999999999999,-0.380000000000003,3.35000000000001
"owcdrnut","po4f",0.020482651405778,-0.0163935310649213,0.0573588338764774,0.278214455714716,"yes",1.0207,2.06999999999999,-1.63,5.89999999999999
"owcolnut","po4f",-0.0319877471878821,-0.0539911975766552,-0.00998429679910893,0.00486979230415295,"no",0.9685,-3.15,-5.26,-0.990000000000002
"owcwmnut","po4f",-0.0336241690236075,-0.0571376325772213,-0.0101107054699937,0.00557894911229006,"no",0.9669,-3.31,-5.55,-1.01
"pdbbpnut","po4f",-0.00879136559977355,-0.0144633570795592,-0.00311937411998786,0.00270568801548086,"yes",0.9912,-0.880000000000003,-1.44,-0.309999999999999
"pdbbynut","po4f",-0.00201956568573955,-0.00586688249171929,0.00182775112024019,0.304868345349944,"yes",0.998,-0.2,-0.580000000000003,0.180000000000002
"pdbgsnut","po4f",-0.0132580973746242,-0.0257772266095438,-0.00073896813970464,0.0393549556265522,"yes",0.9868,-1.32,-2.54,-0.0700000000000034
"rkbfbnut","po4f",0.0283800664752811,0.0094383908597408,0.0473217420908214,0.0036498883173614,"yes",1.0288,2.87999999999999,0.950000000000006,4.85
"rkbfunut","po4f",0.0411861820675789,0.0249814976345056,0.0573908665006522,1.21922843357336e-06,"yes",1.042,4.2,2.53000000000001,5.90999999999999
"rkblhnut","po4f",0.0225081692264027,0.00673310949961667,0.0382832289531888,0.0055859843409092,"no",1.0228,2.27999999999999,0.679999999999992,3.89999999999999
"rkbmbnut","po4f",0.0148830553775468,0.00264796275826111,0.0271181479968325,0.0179101673689163,"yes",1.015,1.49999999999999,0.269999999999992,2.75000000000001
"sapcanut","po4f",-0.0474940105785579,-0.0680137301444784,-0.0269742910126374,1.08607487844559e-05,"yes",0.9536,-4.64,-6.58,-2.66
"sapdcnut","po4f",-0.0167669631306289,-0.0358754664731323,0.00234154021187443,0.0873139126294708,"yes",0.9834,-1.65999999999999,-3.52,0.229999999999997
"saphdnut","po4f",-0.0454929538306317,-0.0635751205563528,-0.0274107871049107,1.74796873193818e-06,"yes",0.9555,-4.45,-6.16,-2.7
"sapldnut","po4f",-0.0443555651966861,-0.0639734085880557,-0.0247377218053166,1.54495997627932e-05,"yes",0.9566,-4.34,-6.20000000000001,-2.44
"sfbccnut","po4f",0.00363165081559137,-0.00430819822294566,0.0115714998541284,0.372385432443662,"yes",1.0036,0.360000000000005,-0.429999999999997,1.16000000000001
"sfbfmnut","po4f",-0.0169852363039514,-0.043014797956177,0.00904432534827426,0.205151641792008,"yes",0.9832,-1.68,-4.21,0.910000000000011
"sfbgcnut","po4f",0.0151908099315451,-0.00304793510062667,0.0334295549637169,0.106067328532999,"yes",1.0153,1.53000000000001,-0.3,3.4
"sfbsmnut","po4f",-0.00691354758579391,-0.0234882986462501,0.00966120347466225,0.416357950037606,"yes",0.9931,-0.690000000000002,-2.32,0.970000000000004
"soschnut","po4f",-0.00522588736033034,-0.0144683440131845,0.00401656929252379,0.269653678500063,"yes",0.9948,-0.519999999999998,-1.44,0.4
"sosvanut","po4f",0.00213285767841784,-0.00679661220373658,0.0110623275605723,0.640406262966572,"yes",1.0021,0.209999999999999,-0.680000000000003,1.11000000000001
"soswinut","po4f",0.0553355526478058,0.0344041873486039,0.0762669179470077,7.42422045712919e-07,"yes",1.0569,5.69,3.49999999999999,7.92999999999999
"tjrbrnut","po4f",0.037833673530254,0.00862381914914867,0.0670435279113593,0.0119328245759249,"yes",1.0386,3.86,0.869999999999993,6.92999999999999
"tjrosnut","po4f",0.034573164484642,0.0135280983112431,0.0556182306580409,0.00149031731275334,"yes",1.0352,3.51999999999999,1.36000000000001,5.71999999999999
"tjrprnut","po4f",-0.0419965128933933,-0.0669653832206311,-0.0170276425661556,0.00129919811757393,"no",0.9589,-4.11,-6.48,-1.69
"tjrsbnut","po4f",-0.0335651123934191,-0.0483665069120063,-0.0187637178748318,1.61822826598944e-05,"no",0.967,-3.3,-4.72,-1.85999999999999
"welhtnut","po4f",-0.0636044994453033,-0.131833070846284,0.00462407195567728,0.0697956590292963,"no",0.9384,-6.16,-12.35,0.459999999999994
"welinnut","po4f",-0.0140767239588917,-0.0368380220272057,0.00868457410942238,0.226948199366072,"yes",0.986,-1.4,-3.62,0.869999999999993
"wellmnut","po4f",-0.00573367848258284,-0.0508446536847819,0.0393772967196163,0.803634923520822,"yes",0.9943,-0.570000000000004,-4.96,4.02
"welsmnut","po4f",-0.0121903914052197,-0.0752979873051801,0.0509172044947406,0.705603743692775,"yes",0.9879,-1.21,-7.25,5.22
"wkbfrnut","po4f",-0.0444504925111006,-0.139890097666649,0.0509891126444474,0.362367007867767,"no",0.9565,-4.35,-13.05,5.23
"wkbmbnut","po4f",-0.0694074863247757,-0.160375134444936,0.0215601617953851,0.136295174509484,"no",0.9329,-6.71,-14.82,2.18
"wkbmrnut","po4f",-0.0825129313588431,-0.187363628507983,0.0223377657902972,0.124473300834,"no",0.9208,-7.92000000000001,-17.09,2.26
"wkbwbnut","po4f",-0.129166531482263,-0.228568740188092,-0.0297643227764336,0.011584075726013,"no",0.8788,-12.12,-20.43,-2.93
"wqbcrnut","po4f",-0.0310314497323942,-0.0619797778040955,-8.31216606928462e-05,0.051107993955057,"yes",0.9694,-3.06,-6.01,-0.0099999999999989
"wqbmhnut","po4f",-0.00713069107940335,-0.0340058077014187,0.019744425542612,0.603714626610014,"yes",0.9929,-0.71,-3.34,1.99
"wqbmpnut","po4f",-0.0466292269715474,-0.0819140715293313,-0.0113443824137636,0.0106725033967535,"yes",0.9544,-4.56,-7.86,-1.13
"wqbslnut","po4f",-0.0152167189709225,-0.0590870935224774,0.0286536555806324,0.497792285517278,"yes",0.9849,-1.51,-5.74,2.90999999999999
"acefcnut","nh4f",0.0466784210756856,0.0128927502644227,0.0804640918869485,0.00727501164985392,"yes",1.0478,4.78000000000001,1.29999999999999,8.38000000000001
"acemcnut","nh4f",-0.00750690228695388,-0.0336006656448615,0.0185868610709538,0.573404381730138,"yes",0.9925,-0.749999999999995,-3.3,1.87999999999999
"acespnut","nh4f",0.00586310209054636,-0.0211425908836906,0.0328687950647833,0.670854032815584,"yes",1.0059,0.590000000000002,-2.09,3.34000000000001
"apacpnut","nh4f",-0.0767123753876119,-0.0966160868954154,-0.0568086638798084,1.12350597525315e-12,"yes",0.9262,-7.38,-9.21,-5.52
"apadbnut","nh4f",-0.0686356453869891,-0.0925939986999715,-0.0446772920740067,5.91717275355458e-08,"no",0.9337,-6.63,-8.84,-4.37
"apaebnut","nh4f",-0.0174037118285827,-0.0462638005691748,0.0114563769120094,0.238488494883008,"no",0.9827,-1.73,-4.52,1.15000000000001
"apaesnut","nh4f",-0.0334079902705366,-0.0603689510717643,-0.00644702946930885,0.0159521743672091,"no",0.9671,-3.29,-5.86,-0.639999999999996
"cbmipnut","nh4f",-0.00678156046901468,-0.0254149778242177,0.0118518568861883,0.476447943347372,"yes",0.9932,-0.680000000000003,-2.51,1.19
"cbmmcnut","nh4f",0.00648920151141664,-0.00961596144696269,0.022594364469796,0.430759138396738,"yes",1.0065,0.649999999999995,-0.960000000000005,2.28999999999999
"cbmocnut","nh4f",-0.00525512114215984,-0.0283175435033002,0.0178073012189805,0.655702309140757,"yes",0.9948,-0.519999999999998,-2.79,1.8
"cbmrrnut","nh4f",-0.0174304018198097,-0.0324721363877872,-0.0023886672518322,0.0241618162491588,"yes",0.9827,-1.73,-3.2,-0.239999999999996
"cbvcbnut","nh4f",-0.0250123773653673,-0.0495653576849397,-0.000459397045794955,0.047019273446188,"yes",0.9753,-2.47000000000001,-4.84,-0.0499999999999945
"cbvginut","nh4f",-0.0383551697394895,-0.0615929200361349,-0.015117419442844,0.0013983224335988,"no",0.9624,-3.76,-5.97,-1.5
"cbvtcnut","nh4f",0.0438329813106018,0.0147138329585191,0.0729521296626845,0.00348550451125843,"yes",1.0448,4.48,1.47999999999999,7.57000000000001
"delblnut","nh4f",0.00472818228503044,-0.0367168299992001,0.046173194569261,0.823282090679063,"yes",1.0047,0.469999999999993,-3.61,4.72999999999999
"deldsnut","nh4f",0.0119935877265313,-0.0246566252204988,0.0486438006735615,0.521938584738283,"yes",1.0121,1.21,-2.44,4.98000000000001
"delllnut","nh4f",0.0124502598144523,-0.0114218569294647,0.0363223765583694,0.307774739315573,"yes",1.0125,1.25,-1.14,3.69999999999999
"delslnut","nh4f",-0.00246042706878992,-0.0182703905637625,0.0133495364261827,0.760636595956584,"yes",0.9975,-0.249999999999995,-1.81,1.34000000000001
"elkapnut","nh4f",0.00661006014175162,-0.022550817979574,0.0357709382630772,0.657296737792941,"yes",1.0066,0.659999999999994,-2.23,3.64
"elknmnut","nh4f",0.0336276047319265,0.00796171090849572,0.0592934985553572,0.0109159322254753,"yes",1.0342,3.42,0.800000000000001,6.10999999999999
"elksmnut","nh4f",0.0177910898109717,-0.00294349294543015,0.0385256725673736,0.0940893407563023,"yes",1.018,1.8,-0.290000000000001,3.92999999999999
"elkvmnut","nh4f",0.0228060933713953,0.00545805324793611,0.0401541334948544,0.0106713478981015,"yes",1.0231,2.30999999999999,0.550000000000006,4.09999999999999
"gndbcnut","nh4f",-0.0968026120854695,-0.135243823185034,-0.0583614009859052,1.92157066810524e-06,"no",0.9077,-9.23,-12.65,-5.67
"gndbhnut","nh4f",-0.0818067511221944,-0.125598160764865,-0.0380153414795238,0.000339174510490987,"no",0.9215,-7.85,-11.8,-3.73
"gndblnut","nh4f",-0.129802641386369,-0.161627784819409,-0.097977497953329,1.91179973506547e-13,"no",0.8783,-12.17,-14.92,-9.33000000000001
"gndpcnut","nh4f",-0.155069635638513,-0.198221043967627,-0.111918227309398,4.99264267691405e-11,"no",0.8564,-14.36,-17.98,-10.59
"grbgbnut","nh4f",-0.0312622421005212,-0.0659668241159229,0.00344233991488051,0.0792704228685037,"yes",0.9692,-3.08,-6.38,0.340000000000007
"grblrnut","nh4f",0.0166681480589002,-0.00648319080760104,0.0398194869254014,0.160082947740142,"yes",1.0168,1.67999999999999,-0.649999999999995,4.06
"grbornut","nh4f",0.012262964542567,-0.0111907090830645,0.0357166381681986,0.307103627170564,"no",1.0123,1.23,-1.11,3.64
"grbsqnut","nh4f",0.00636960565200585,-0.0167347175902125,0.0294739288942242,0.58968223369311,"no",1.0064,0.639999999999996,-1.65999999999999,2.99
"gtmfmnut","nh4f",-0.0634785337515669,-0.0827987445927349,-0.0441583229103989,6.66340657000088e-10,"yes",0.9385,-6.15,-7.95,-4.32
"gtmpcnut","nh4f",-0.051750102974034,-0.0714755592438921,-0.0320246467041759,5.70093719137707e-07,"yes",0.9496,-5.04,-6.9,-3.15
"gtmpinut","nh4f",-0.0513455196929056,-0.0652458858225705,-0.0374451535632407,6.58275868591541e-12,"yes",0.95,-5,-6.32,-3.68000000000001
"gtmssnut","nh4f",-0.0565449861237476,-0.0795764363575467,-0.0335135358899485,2.68640734901758e-06,"yes",0.945,-5.50000000000001,-7.65,-3.3
"hudtnnut","nh4f",0.00434965847741707,-0.0178523029675654,0.0265516199223995,0.701507418555227,"yes",1.0044,0.439999999999996,-1.77,2.68999999999999
"hudtsnut","nh4f",-0.00571647123847612,-0.0289350286152697,0.0175020861383175,0.630081107159901,"yes",0.9943,-0.570000000000004,-2.85,1.77
"jacb6nut","nh4f",-0.0200779116849325,-0.0619516963370092,0.0217958729671442,0.348756121993847,"yes",0.9801,-1.99,-6.01,2.2
"jacb9nut","nh4f",-0.00904470387019824,-0.0494790082818309,0.0313896005414345,0.661688665200171,"yes",0.991,-0.900000000000001,-4.83,3.19
"jacbanut","nh4f",-0.061767906029996,-0.0886588316227985,-0.0348769804371936,1.29739974480737e-05,"yes",0.9401,-5.98999999999999,-8.48,-3.43
"jacnenut","nh4f",-0.0415386680065973,-0.062888393275251,-0.0201889427379437,0.000194183167009679,"yes",0.9593,-4.07,-6.1,-2
"job09nut","nh4f",-0.109514708173194,-0.14038171206512,-0.078647704281268,6.82476639225767e-11,"no",0.8963,-10.37,-13.1,-7.56
"job10nut","nh4f",-0.104238380622614,-0.132578703825776,-0.0758980574194517,1.60493457117869e-11,"no",0.901,-9.9,-12.42,-7.31000000000001
"job19nut","nh4f",-0.138000347712062,-0.171743353213656,-0.104257342210468,1.46174510707242e-13,"no",0.8711,-12.89,-15.78,-9.9
"job20nut","nh4f",-0.137080282862831,-0.170071820943903,-0.104088744781759,6.8019259568305e-14,"no",0.8719,-12.81,-15.64,-9.89
"kachdnut","nh4f",0.0248990645389915,-0.00637197086621151,0.0561700999441944,0.120252761260458,"yes",1.0252,2.51999999999999,-0.639999999999996,5.78000000000001
"kacsdnut","nh4f",0.0488703891329027,0.0146173213694879,0.0831234568963176,0.00566256635651843,"yes",1.0501,5.01,1.46999999999999,8.67
"kacssnut","nh4f",0.0391844448272533,0.0117590073247242,0.0666098823297824,0.00559474540761139,"no",1.04,4,1.18,6.89
"lksbanut","nh4f",-0.0298219751853487,-0.128652238732273,0.0690082883615755,0.55909643240736,"yes",0.9706,-2.94,-12.07,7.13999999999999
"lksblnut","nh4f",-0.0409956437191647,-0.0902775075998189,0.00828622016148954,0.115418560000532,"yes",0.9598,-4.02,-8.63,0.829999999999997
"lksolnut","nh4f",-0.0553708295108077,-0.132346498223608,0.0216048392019921,0.168481048893974,"no",0.9461,-5.39,-12.4,2.18
"marabnut","nh4f",0.147085641448332,0.0463014475793589,0.247869835317305,0.00514001296920521,"no",1.1585,15.85,4.74000000000001,28.13
"marcenut","nh4f",0.0952611638786368,-0.00904936444283062,0.199571692200104,0.0763754475177618,"no",1.0999,9.99000000000001,-0.900000000000001,22.09
"marcwnut","nh4f",0.129884772254098,0.0282121778807069,0.231557366627488,0.0138718017295487,"no",1.1387,13.87,2.86,26.06
"marmbnut","nh4f",0.076070697534257,-0.0425602620057203,0.194701657074234,0.21178196692651,"no",1.079,7.9,-4.17,21.49
"marscnut","nh4f",0.130631390323925,0.051880555670712,0.209382224977138,0.00156234430536339,"no",1.1395,13.95,5.31999999999999,23.29
"narncnut","nh4f",0.0179994577061849,-0.0179528943067282,0.0539518097190979,0.328178796163407,"yes",1.0182,1.82,-1.78,5.53999999999999
"narpcnut","nh4f",-0.0453695956594692,-0.0743843865768084,-0.01635480474213,0.00257465598731,"yes",0.9556,-4.44,-7.17,-1.62
"nartbnut","nh4f",-0.0203268839418036,-0.0535750165058397,0.0129212486222326,0.232716011741619,"yes",0.9799,-2.01,-5.22,1.29999999999999
"nartsnut","nh4f",-0.0059375930044333,-0.0397674125693772,0.0278922265605106,0.731321456530272,"yes",0.9941,-0.590000000000002,-3.9,2.83
"niwcbnut","nh4f",0.0464150760147129,0.0329820280383619,0.0598481239910639,1.0435325905345e-10,"yes",1.0475,4.75000000000001,3.35000000000001,6.17000000000001
"niwdcnut","nh4f",0.0425157266164895,0.0281036527943195,0.0569278004386594,2.52684478759053e-08,"yes",1.0434,4.34000000000001,2.85,5.86
"niwolnut","nh4f",0.0353963717605792,0.0211136884946448,0.0496790550265136,2.18964375353924e-06,"yes",1.036,3.6,2.13000000000001,5.08999999999999
"niwtanut","nh4f",0.00887817250206445,-0.00601481153518062,0.0237711565393095,0.243860633571363,"yes",1.0089,0.889999999999991,-0.600000000000001,2.41
"nocecnut","nh4f",-0.0692774510143232,-0.0870209467224915,-0.051533955306155,7.01554897386188e-13,"yes",0.9331,-6.69,-8.33,-5.02
"noclcnut","nh4f",-0.115834391406583,-0.138597538026865,-0.0930712447863006,1.5870447126265e-19,"yes",0.8906,-10.94,-12.94,-8.89
"nocrcnut","nh4f",-0.121012236066064,-0.145076914148744,-0.0969475579833847,6.25671639434397e-19,"no",0.886,-11.4,-13.5,-9.24
"noczbnut","nh4f",-0.0680576351076943,-0.0910634773027398,-0.0450517929126488,2.43193447932229e-08,"yes",0.9342,-6.58,-8.7,-4.41
"owcbrnut","nh4f",-0.00771904905683677,-0.0258861339562314,0.0104480358425579,0.406050264600884,"yes",0.9923,-0.770000000000004,-2.56,1.05
"owcdrnut","nh4f",0.0127223865049398,-0.0212655972236127,0.0467103702334923,0.464409491331343,"yes",1.0128,1.27999999999999,-2.1,4.78000000000001
"owcolnut","nh4f",-0.0524898612404394,-0.0808866115059072,-0.0240931109749715,0.000374148269253946,"yes",0.9489,-5.11,-7.77,-2.38
"owcwmnut","nh4f",-0.0666973188396945,-0.0920482860830608,-0.0413463515963282,6.13278005623705e-07,"no",0.9355,-6.45,-8.79,-4.05
"pdbbpnut","nh4f",-0.0157834020487924,-0.0282580861266885,-0.00330871797089629,0.013991378964837,"yes",0.9843,-1.57,-2.79,-0.329999999999997
"pdbbynut","nh4f",-0.0194620385910399,-0.0318088616313191,-0.00711521555076067,0.0023041612814074,"yes",0.9807,-1.93,-3.13,-0.71
"pdbgsnut","nh4f",-0.0185572259090643,-0.0367047704092033,-0.00040968140892517,0.0465618160653583,"yes",0.9816,-1.84,-3.6,-0.0399999999999956
"rkbfbnut","nh4f",0.0376446531575899,-0.00478637891250299,0.0800756852276828,0.0837630315020322,"no",1.0384,3.84,-0.480000000000003,8.33999999999999
"rkbfunut","nh4f",0.0459200503449997,0.0124111848525201,0.0794289158374794,0.00788075241217158,"no",1.047,4.69999999999999,1.25,8.27
"rkblhnut","nh4f",0.0144052641618571,-0.0245494267248946,0.0533599550486089,0.469494344348027,"no",1.0145,1.45,-2.43,5.48
"rkbmbnut","nh4f",0.0232993292083783,-0.0146768098975015,0.0612754683142581,0.230698648639757,"yes",1.0236,2.36000000000001,-1.45999999999999,6.31999999999999
"sapcanut","nh4f",-0.04436797184551,-0.0705920239285213,-0.0181439197624986,0.00113184409964482,"yes",0.9566,-4.34,-6.82,-1.8
"sapdcnut","nh4f",-0.0483056377068597,-0.0688499379714151,-0.0277613374423044,8.3699139012056e-06,"yes",0.9528,-4.72,-6.65,-2.74
"saphdnut","nh4f",-0.0515979676006235,-0.0762550205810855,-0.0269409146201615,6.18454690693902e-05,"yes",0.9497,-5.03,-7.34,-2.66
"sapldnut","nh4f",-0.0380367940196322,-0.06060879724317,-0.0154647907960945,0.00114965791141503,"yes",0.9627,-3.73,-5.88,-1.53
"sfbccnut","nh4f",0.069329016638901,0.0337782543126862,0.104879778965116,0.000191105987445102,"no",1.0718,7.18000000000001,3.44,11.06
"sfbfmnut","nh4f",0.0148123057312419,-0.0113156376368983,0.0409402490993821,0.268542921104824,"yes",1.0149,1.48999999999999,-1.13,4.18000000000001
"sfbgcnut","nh4f",0.0153391361374636,-0.0175165079123068,0.048194780187234,0.36157700357121,"yes",1.0155,1.55000000000001,-1.74,4.94000000000001
"sfbsmnut","nh4f",0.0285763766379457,0.000842968102254444,0.0563097851736371,0.0453773391870625,"yes",1.029,2.89999999999999,0.0799999999999912,5.79000000000001
"soschnut","nh4f",-0.0128126386617655,-0.0347527704186281,0.00912749309509709,0.254306892404035,"yes",0.9873,-1.27,-3.42,0.92000000000001
"sosvanut","nh4f",-0.00415565398523626,-0.0203278670406268,0.0120165590701543,0.615298622902357,"yes",0.9959,-0.409999999999999,-2.01,1.21
"soswinut","nh4f",0.00963267447849634,-0.00951804934381451,0.0287833983008072,0.32590076034054,"yes",1.0097,0.970000000000004,-0.949999999999995,2.91999999999999
"tjrbrnut","nh4f",0.0552718302284332,0.00367231338883716,0.106871347068029,0.0371107225151007,"yes",1.0568,5.68,0.370000000000004,11.28
"tjrosnut","nh4f",0.00997301627355986,-0.027845714355643,0.0477917469027627,0.605817893916007,"yes",1.01,1,-2.75,4.89999999999999
"tjrprnut","nh4f",0.0640970321412673,0.0313320721373534,0.0968619921451812,0.000206325099531789,"yes",1.0662,6.62,3.18000000000001,10.17
"tjrsbnut","nh4f",0.0168135186968608,-0.00919577221052333,0.042822809604245,0.207041477919242,"yes",1.017,1.69999999999999,-0.919999999999999,4.38000000000001
"welhtnut","nh4f",-0.106936731560634,-0.186445218533994,-0.0274282445872737,0.00933087579136954,"no",0.8986,-10.14,-17.01,-2.71
"welinnut","nh4f",-0.103112913163982,-0.136469167922796,-0.0697566584051681,7.1556816939403e-09,"yes",0.902,-9.8,-12.76,-6.74
"wellmnut","nh4f",-0.0243003441245752,-0.0783510603563753,0.029750372107225,0.379864428721078,"yes",0.976,-2.4,-7.54,3.02
"welsmnut","nh4f",-0.025494928085199,-0.0805642475116897,0.0295743913412918,0.365955283086014,"yes",0.9748,-2.52,-7.74,3
"wkbfrnut","nh4f",-0.0144337191227207,-0.0492453814129309,0.0203779431674894,0.417422132073495,"no",0.9857,-1.43,-4.81,2.06
"wkbmbnut","nh4f",-0.0373590579273824,-0.0770407133362228,0.00232259748145801,0.0665419223108957,"no",0.9633,-3.67,-7.41000000000001,0.229999999999997
"wkbmrnut","nh4f",-0.0328121255688715,-0.0670000233032913,0.00137577216554826,0.061497014091549,"no",0.9677,-3.23,-6.48,0.140000000000007
"wkbwbnut","nh4f",-0.0361371717252904,-0.0679221290373528,-0.00435221441322797,0.027037456589617,"no",0.9645,-3.55,-6.57,-0.429999999999997
"wqbcrnut","nh4f",-0.0270376905919977,-0.0551712490862894,0.00109586790229403,0.0614456892841592,"yes",0.9733,-2.66999999999999,-5.37,0.11000000000001
"wqbmhnut","nh4f",-0.0112972349048939,-0.0473062735012082,0.0247118036914204,0.539457147331994,"yes",0.9888,-1.12,-4.62,2.49999999999999
"wqbmpnut","nh4f",-0.00733635710729578,-0.0531127916753843,0.0384400774607927,0.753942253252135,"no",0.9927,-0.729999999999997,-5.17,3.91999999999999
"wqbslnut","nh4f",-0.0326589396343345,-0.0792721198500944,0.0139542405814255,0.172073904082061,"no",0.9679,-3.21,-7.62,1.41
"acefcnut","no23f",-0.00472476360087494,-0.0209044233960923,0.0114548961943424,0.567678606572614,"yes",0.9953,-0.470000000000004,-2.07000000000001,1.15000000000001
"acemcnut","no23f",-0.00651617833744189,-0.0349487952568578,0.021916438581974,0.653741961490323,"yes",0.9935,-0.649999999999995,-3.43,2.22
"acespnut","no23f",-0.012578773674217,-0.0350679813574787,0.00991043400904464,0.27419023459412,"yes",0.9875,-1.25,-3.45,1
"apacpnut","no23f",-0.059777859858587,-0.0948440748888347,-0.0247116448283393,0.000981876712749391,"yes",0.942,-5.80000000000001,-9.05,-2.44
"apadbnut","no23f",-0.0627508280477105,-0.109413828326122,-0.016087827769299,0.00900566456076939,"yes",0.9392,-6.08,-10.36,-1.6
"apaebnut","no23f",-0.0394467295994173,-0.08047832641758,0.00158486721874553,0.060864052376959,"yes",0.9613,-3.87,-7.73,0.160000000000005
"apaesnut","no23f",-0.030539855966631,-0.0705047251786002,0.00942501324533827,0.13566393912743,"yes",0.9699,-3.01,-6.81,0.950000000000006
"cbmipnut","no23f",-0.0359730909402746,-0.0552677965048366,-0.0166783853757126,0.000323616673146742,"no",0.9647,-3.53,-5.38,-1.65
"cbmmcnut","no23f",-0.0149496852329441,-0.0497163474478403,0.0198169769819521,0.40046635943131,"yes",0.9852,-1.48,-4.85,2
"cbmocnut","no23f",-0.0146048594119909,-0.0545462910478981,0.0253365722239163,0.474495004852597,"yes",0.9855,-1.45,-5.31,2.57000000000001
"cbmrrnut","no23f",-0.0358897169721963,-0.0520907230757185,-0.019688710868674,2.19562006241972e-05,"yes",0.9647,-3.53,-5.08,-1.95
"cbvcbnut","no23f",0.0220707928784147,-0.0351987545004892,0.0793403402573186,0.450836823219096,"yes",1.0223,2.23,-3.46,8.26
"cbvginut","no23f",-0.0151043083074413,-0.0853092270343687,0.0551006104194861,0.673661134696956,"yes",0.985,-1.5,-8.18,5.66
"cbvtcnut","no23f",0.0822302442166883,0.0359313311733436,0.128529157260033,0.000597663614681487,"yes",1.0857,8.57000000000001,3.66,13.72
"delblnut","no23f",-0.0113989742372242,-0.062820045929214,0.0400220974547656,0.664360641231387,"yes",0.9887,-1.13,-6.09,4.07999999999999
"deldsnut","no23f",0.0125497143771431,-0.00860571009507727,0.0337051388493636,0.246167111750552,"yes",1.0126,1.25999999999999,-0.860000000000005,3.43
"delllnut","no23f",0.010903847920592,-0.0172379027586815,0.0390455985998656,0.448369833885739,"yes",1.011,1.09999999999999,-1.71,3.98000000000001
"delslnut","no23f",0.00104537066958936,-0.0205495214759082,0.0226402628150869,0.924493891885239,"yes",1.001,0.099999999999989,-2.03,2.28999999999999
"elkapnut","no23f",0.0117744102973885,-0.0313637372634461,0.0549125578582231,0.593226254748046,"yes",1.0118,1.18,-3.09,5.64
"elknmnut","no23f",0.028862055529786,0.00519588074476089,0.0525282303148111,0.0176658875583885,"yes",1.0293,2.93000000000001,0.520000000000009,5.39000000000001
"elksmnut","no23f",0.00954420932405153,-0.00918750761977954,0.0282759262678826,0.319049389163599,"yes",1.0096,0.960000000000005,-0.91,2.86999999999999
"elkvmnut","no23f",0.0279853348400398,0.00905845340319666,0.046912216276883,0.00414238307240837,"yes",1.0284,2.84,0.910000000000011,4.8
"gndbcnut","no23f",-0.0914213154871116,-0.137660119376131,-0.0451825115980924,0.000154122366523431,"no",0.9126,-8.74,-12.86,-4.42
"gndbhnut","no23f",-0.0695030068308603,-0.108298572484956,-0.0307074411767645,0.000581388470511972,"no",0.9329,-6.71,-10.26,-3.02
"gndblnut","no23f",-0.161337759140724,-0.231051395089501,-0.0916241231919468,1.11117484952738e-05,"no",0.851,-14.9,-20.63,-8.76
"gndpcnut","no23f",-0.129602880593033,-0.203003715656077,-0.0562020455299892,0.00069734876851083,"no",0.8784,-12.16,-18.37,-5.47
"grbgbnut","no23f",0.0189675147257587,-0.0170948955163663,0.0550299249678837,0.304134550342097,"yes",1.0191,1.90999999999999,-1.69,5.66
"grblrnut","no23f",0.00729007953673495,-0.006524602965643,0.0211047620391129,0.302526541872901,"no",1.0073,0.730000000000008,-0.649999999999995,2.13000000000001
"grbornut","no23f",-0.0373178299651245,-0.0619831513043551,-0.012652508625894,0.00354871018027475,"yes",0.9634,-3.66,-6.01,-1.25999999999999
"grbsqnut","no23f",0.011323383178189,-0.00167012591306744,0.0243168922694454,0.0895919999727502,"yes",1.0114,1.14000000000001,-0.170000000000003,2.46
"gtmfmnut","no23f",-0.0351798052211192,-0.0609560348447462,-0.00940357559749222,0.00798462521405322,"yes",0.9654,-3.46,-5.91,-0.939999999999996
"gtmpcnut","no23f",-0.00922799695901455,-0.0396672576238829,0.0212112637058538,0.552960855201956,"yes",0.9908,-0.919999999999999,-3.89,2.14000000000001
"gtmpinut","no23f",-0.0141959603525844,-0.0433024973512282,0.0149105766460594,0.340132115149792,"yes",0.9859,-1.41,-4.24,1.49999999999999
"gtmssnut","no23f",0.000220345725054511,-0.0316079357176284,0.0320486271677374,0.989185316314659,"no",1.0002,0.0199999999999978,-3.11,3.26
"hudtnnut","no23f",0.00308592823591578,-0.0100923778895657,0.0162642343613973,0.646921880145792,"yes",1.0031,0.31000000000001,-1,1.64
"hudtsnut","no23f",0.00234228058806457,-0.0137597666711062,0.0184443278472354,0.77596199228332,"yes",1.0023,0.229999999999997,-1.37,1.85999999999999
"jacb6nut","no23f",-0.0904083878148056,-0.149129502153125,-0.0316872734764863,0.00296461452934537,"yes",0.9136,-8.64,-13.85,-3.12
"jacb9nut","no23f",-0.0776784633075701,-0.135184143697584,-0.0201727829175559,0.00894272782638937,"yes",0.9253,-7.47,-12.64,-2
"jacbanut","no23f",-0.0103463859214343,-0.0469748730535916,0.0262821012107229,0.580627016310187,"yes",0.9897,-1.03,-4.59000000000001,2.66
"jacnenut","no23f",-0.0143109380442297,-0.036393813347968,0.00777193725950864,0.205879986968473,"yes",0.9858,-1.42,-3.57,0.780000000000003
"job09nut","no23f",0.196059939965526,0.0836416251254354,0.308478254805616,0.000801638571830219,"no",1.2166,21.66,8.72,36.14
"job10nut","no23f",0.129307655904681,0.0194779611397592,0.239137350669603,0.0223013848307675,"no",1.138,13.8,1.97000000000001,27.02
"job19nut","no23f",0.0412855654775529,-0.135622345709121,0.218193476664227,0.647983051052447,"no",1.0421,4.21,-12.68,24.38
"job20nut","no23f",0.104636890326389,-0.0108025114329698,0.220076292085747,0.0774953110871127,"no",1.1103,11.03,-1.07,24.62
"kachdnut","no23f",-0.0136331177811595,-0.0369623535593392,0.00969611799702007,0.253468509610561,"yes",0.9865,-1.35,-3.63,0.970000000000004
"kacsdnut","no23f",0.00198634899931949,-0.0172357204858425,0.0212084184844814,0.839700528701558,"yes",1.002,0.2,-1.71,2.14000000000001
"kacssnut","no23f",0.00223515309579873,-0.0159964950205624,0.0204668012121598,0.810348350767897,"yes",1.0022,0.219999999999998,-1.59,2.06999999999999
"lksbanut","no23f",0.00267878287003103,-0.0320138626511203,0.0373714283911824,0.880430470308728,"yes",1.0027,0.269999999999992,-3.15,3.81
"lksblnut","no23f",0.00808785378358191,-0.023430693637579,0.0396064012047428,0.617746390381014,"yes",1.0081,0.81,-2.32,4.04
"lksolnut","no23f",0.000244444150605317,-0.204012026092956,0.204500914394166,0.998139932942748,"no",1.0002,0.0199999999999978,-18.45,22.69
"marabnut","no23f",0.103833281971334,-0.0647464267517717,0.27241299069444,0.230231373865516,"no",1.1094,10.94,-6.27,31.31
"marcenut","no23f",0.148413192760056,0.00885225228554501,0.287974133234566,0.039687691695542,"no",1.16,16,0.889999999999991,33.37
"marcwnut","no23f",0.157453995233064,0.0293697034425947,0.285538287023533,0.0178990042313107,"yes",1.1705,17.05,2.98,33.05
"marmbnut","no23f",0.156675852167356,0.00885211766234578,0.304499586672366,0.0404410119519222,"no",1.1696,16.96,0.889999999999991,35.59
"marscnut","no23f",0.137607929775198,0.0204441086349063,0.254771750915489,0.0234791713641566,"yes",1.1475,14.75,2.06999999999999,29.02
"narncnut","no23f",-0.103325095875625,-0.14110928415875,-0.0655409075924996,3.44879301966192e-07,"yes",0.9018,-9.81999999999999,-13.16,-6.34
"narpcnut","no23f",-0.0579939586872428,-0.0972858951423833,-0.0187020222321023,0.00438226065798189,"yes",0.9437,-5.63,-9.27,-1.85
"nartbnut","no23f",-0.0924052449701231,-0.138365853129468,-0.0464446368107782,0.000124254337537403,"yes",0.9117,-8.83000000000001,-12.92,-4.54
"nartsnut","no23f",-0.0825750501116981,-0.139125315839588,-0.0260247843838086,0.00481606181729908,"yes",0.9207,-7.93,-12.99,-2.56999999999999
"niwcbnut","no23f",0.00410148460808601,-0.0203009176520043,0.0285038868681764,0.742124177904129,"no",1.0041,0.409999999999999,-2.01,2.88999999999999
"niwdcnut","no23f",0.0174840732424203,0.000372058926409128,0.0345960875584315,0.0464549924701551,"yes",1.0176,1.76000000000001,0.0399999999999956,3.51999999999999
"niwolnut","no23f",0.00889807453217559,-0.00607196648781629,0.0238681155521675,0.245204276549721,"yes",1.0089,0.889999999999991,-0.609999999999999,2.42
"niwtanut","no23f",0.0486151838548444,0.0330738448569266,0.0641565228527622,3.76013695461312e-09,"yes",1.0498,4.98000000000001,3.36000000000001,6.63
"nocecnut","no23f",0.044333664418155,-0.00556575742676538,0.0942330862630753,0.0830944792860389,"yes",1.0453,4.52999999999999,-0.560000000000005,9.88
"noclcnut","no23f",0.00803541606731231,-0.0688977463303935,0.0849685784650181,0.837988212011721,"yes",1.0081,0.81,-6.66,8.87
"nocrcnut","no23f",0.117345864236786,0.0277986350078437,0.206893093465728,0.010955919674821,"no",1.1245,12.45,2.82,22.99
"noczbnut","no23f",0.0302989242136507,-0.0218727465671768,0.0824705949944783,0.256315612751052,"yes",1.0308,3.07999999999999,-2.16,8.60000000000001
"owcbrnut","no23f",-0.0711025472064726,-0.0999301452681363,-0.0422749491448089,2.73443714274792e-06,"yes",0.9314,-6.86,-9.51,-4.14
"owcdrnut","no23f",-0.029825480013794,-0.0958458078292694,0.0361948478016813,0.377526962544191,"yes",0.9706,-2.94,-9.14,3.68999999999999
"owcolnut","no23f",-0.0883361840473806,-0.136450571901325,-0.0402217961934364,0.000410266276054311,"yes",0.9155,-8.45,-12.76,-3.94
"owcwmnut","no23f",-0.08423222402388,-0.132464931591491,-0.0359995164562691,0.000758380687415179,"yes",0.9192,-8.08,-12.41,-3.54
"pdbbpnut","no23f",-0.022862176322511,-0.0531640302659612,0.00743967762093912,0.140790366161471,"yes",0.9774,-2.26,-5.18,0.750000000000006
"pdbbynut","no23f",-0.0300175030899501,-0.0540682352446622,-0.00596677093523809,0.0153352244002779,"yes",0.9704,-2.96,-5.26,-0.590000000000002
"pdbgsnut","no23f",-0.00508576191921055,-0.0263484670055679,0.0161769431671468,0.639764444347232,"yes",0.9949,-0.509999999999999,-2.6,1.63
"rkbfbnut","no23f",-0.0615385915712933,-0.0979713222085708,-0.0251058609340159,0.00109156583425008,"yes",0.9403,-5.97,-9.33000000000001,-2.48
"rkbfunut","no23f",-0.00894957577854862,-0.0302050419673932,0.012305890410296,0.410190650879308,"yes",0.9911,-0.890000000000002,-2.98,1.24
"rkblhnut","no23f",-0.0488054743762354,-0.0878341247585406,-0.00977682399393025,0.0150236653888317,"yes",0.9524,-4.76,-8.40999999999999,-0.970000000000004
"rkbmbnut","no23f",-0.057820171073908,-0.0871806160391926,-0.0284597261086235,0.000150693415937284,"yes",0.9438,-5.62,-8.35,-2.81
"sapcanut","no23f",0.0268427744636026,-0.0321321573309921,0.0858177062581972,0.373612530856259,"yes",1.0272,2.71999999999999,-3.16,8.95999999999999
"sapdcnut","no23f",0.000208399846932305,-0.0503788258909944,0.0507956255848591,0.9935672115379,"yes",1.0002,0.0199999999999978,-4.91,5.21
"saphdnut","no23f",0.00434982432321147,-0.0399242664608018,0.0486239151072248,0.847499878112026,"yes",1.0044,0.439999999999996,-3.91,4.98000000000001
"sapldnut","no23f",-0.0155007226925604,-0.0602965203901832,0.0292950750050624,0.498439783271184,"yes",0.9846,-1.54,-5.85,2.97000000000001
"sfbccnut","no23f",-0.010024641933572,-0.0587154886734993,0.0386662048063553,0.688877846958899,"yes",0.99,-1,-5.7,3.94000000000001
"sfbfmnut","no23f",,,,,,,,,
"sfbgcnut","no23f",-0.064780573568374,-0.110863951997564,-0.0186971951391842,0.00934941824752041,"yes",0.9373,-6.27,-10.49,-1.85
"sfbsmnut","no23f",-0.0106058984097405,-0.074279370666425,0.053067573846944,0.746623384047442,"no",0.9895,-1.05,-7.16,5.45
"soschnut","no23f",0.00364106397244011,-0.0170734994980631,0.0243556274429433,0.731014004700698,"yes",1.0036,0.360000000000005,-1.69,2.46999999999999
"sosvanut","no23f",0.0121004811312277,-0.0117696384986005,0.0359706007610558,0.322274927150056,"yes",1.0122,1.22,-1.17,3.66
"soswinut","no23f",0.00767337431096752,-0.0106543747950226,0.0260011234169577,0.413369774117057,"yes",1.0077,0.770000000000004,-1.06000000000001,2.63
"tjrbrnut","no23f",-0.0104657601381905,-0.0494478245222766,0.0285163042458956,0.599387782851604,"yes",0.9896,-1.04,-4.82,2.88999999999999
"tjrosnut","no23f",-0.0200195446707575,-0.0598720282120582,0.0198329388705432,0.326029814127825,"yes",0.9802,-1.98,-5.81,2
"tjrprnut","no23f",-0.0357218041619144,-0.114157356791927,0.0427137484680981,0.373987814915725,"yes",0.9649,-3.51,-10.79,4.36000000000001
"tjrsbnut","no23f",-0.087471066655107,-0.145744805105084,-0.0291973282051304,0.00376493041399411,"yes",0.9162,-8.38,-13.56,-2.88
"welhtnut","no23f",0.0366208046426387,0.0114918910317353,0.0617497182535422,0.00497691602518931,"yes",1.0373,3.73000000000001,1.16000000000001,6.37000000000001
"welinnut","no23f",0.0743602546369264,0.0326255423387022,0.116094966935151,0.000600913752586233,"yes",1.0772,7.71999999999999,3.31999999999999,12.31
"wellmnut","no23f",0.032301778782004,-0.0205449212823196,0.0851484788463276,0.233104288305604,"yes",1.0328,3.27999999999999,-2.03,8.89
"welsmnut","no23f",0.0233243746784128,0.00502167195779869,0.0416270773990269,0.0138768838256681,"yes",1.0236,2.36000000000001,0.499999999999989,4.25
"wkbfrnut","no23f",0.023955082487219,-0.00239800720325882,0.0503081721776968,0.0762098417341582,"yes",1.0242,2.42,-0.239999999999996,5.16000000000001
"wkbmbnut","no23f",0.044981837356606,0.00250866565547921,0.0874550090577328,0.0390967571110978,"yes",1.046,4.6,0.249999999999995,9.13999999999999
"wkbmrnut","no23f",0.00871924223838989,-0.0228787164873495,0.0403172009641293,0.589174570020972,"yes",1.0088,0.879999999999992,-2.26,4.10999999999999
"wkbwbnut","no23f",0.0360159536232118,-0.00369945827072089,0.0757313655171444,0.0769358776287385,"yes",1.0367,3.67,-0.370000000000004,7.87
"wqbcrnut","no23f",0.0122135679754763,-0.0308476501456481,0.0552747860966006,0.579405456281754,"yes",1.0123,1.23,-3.04,5.68
"wqbmhnut","no23f",-0.0188043778941108,-0.0682522302416947,0.0306434744534731,0.457523083299199,"yes",0.9814,-1.85999999999999,-6.59999999999999,3.10999999999999
"wqbmpnut","no23f",0.0502812509207388,-0.0283599877435592,0.128922489585037,0.213300297286628,"yes",1.0516,5.16000000000001,-2.8,13.76
"wqbslnut","no23f",0.0415602812100174,-0.0517103192244796,0.134830881644515,0.384654986230751,"no",1.0424,4.24,-5.04,14.43
