"station","param","trend_in_log","ciLow_trend","ciHigh_trend","p_trend","trend_multiplicative","trend_pctPerYear","ciLow_pctPerYear","ciHigh_pctPerYear"
"acefcnut","chla_n",-0.00336113721729385,-0.0186057728478369,0.0118834984132492,0.666081978755743,0.9966,-0.339999999999996,-1.84,1.2
"acemcnut","chla_n",-0.0200811717828376,-0.0309625753251264,-0.00919976824054882,0.000371563439184373,0.9801,-1.99,-3.05,-0.919999999999999
"acespnut","chla_n",0.00311302652159518,-0.00666783221476559,0.012893885257956,0.53339898927946,1.0031,0.31000000000001,-0.660000000000005,1.29999999999999
"apacpnut","chla_n",0.0586715473366832,0.0461293989211873,0.0712136957521791,3.59237780128949e-17,1.0604,6.04,4.71999999999999,7.38000000000001
"apadbnut","chla_n",0.055176902686481,0.0427022019292761,0.0676516034436859,1.11283751165954e-15,1.0567,5.67,4.36000000000001,7.00000000000001
"apaebnut","chla_n",0.0164517214493034,-0.00401650485685274,0.0369199477554596,0.116597827152031,1.0166,1.65999999999999,-0.4,3.76000000000001
"apaesnut","chla_n",0.011573051924676,-0.00831802911458946,0.0314641329639415,0.255391133907745,1.0116,1.16000000000001,-0.829999999999997,3.2
"cbmipnut","chla_n",-0.0508774150589746,-0.0671194018732092,-0.03463542824474,4.20241744038845e-09,0.9504,-4.96,-6.49,-3.4
"cbmmcnut","chla_n",0.0322467991118197,0.00879223480872923,0.0557013634149102,0.00769339319541129,1.0328,3.27999999999999,0.879999999999992,5.72999999999999
"cbmocnut","chla_n",-0.00661234389865658,-0.0242957849872342,0.011071097189921,0.464568214051198,0.9934,-0.660000000000005,-2.4,1.11000000000001
"cbmrrnut","chla_n",-0.0198035072083592,-0.038497657979065,-0.00110935643765345,0.0390541274247707,0.9804,-1.96,-3.77999999999999,-0.109999999999999
"cbvcbnut","chla_n",0.0329176257115046,0.0195827985902556,0.0462524528327536,2.33923719004222e-06,1.0335,3.35000000000001,1.98,4.72999999999999
"cbvginut","chla_n",0.0113956898740835,-0.00316252647223671,0.0259539062204038,0.126279655371782,1.0115,1.15000000000001,-0.319999999999998,2.63
"cbvtcnut","chla_n",0.00818176798377948,-0.0105861109126742,0.0269496468802331,0.393713391904969,1.0082,0.819999999999999,-1.05,2.73000000000001
"delblnut","chla_n",0.083954210252933,0.0633527452190195,0.104555675286847,6.21999872926218e-14,1.0876,8.75999999999999,6.53999999999999,11.02
"deldsnut","chla_n",0.0362612191189965,0.0146253019826353,0.0578971362553577,0.00117488369601226,1.0369,3.68999999999999,1.46999999999999,5.96000000000001
"delllnut","chla_n",0.0338261211154663,0.0136729372897559,0.0539793049411766,0.0011569363462582,1.0344,3.44,1.38,5.55000000000001
"delslnut","chla_n",0.0418841633505414,0.0253147658430522,0.0584535608580306,1.38330646704925e-06,1.0428,4.27999999999999,2.56000000000001,6.02
"elkapnut","chla_n",0.0515105676609806,0.034030645974157,0.0689904893478041,2.5806880169288e-08,1.0529,5.28999999999999,3.46,7.13999999999999
"elknmnut","chla_n",0.0373351429282716,0.016540343725554,0.0581299421309893,0.000526260092442785,1.038,3.8,1.66999999999999,5.99000000000001
"elksmnut","chla_n",0.0326003552021096,0.0157596711203975,0.0494410392838217,0.000191418892810558,1.0331,3.30999999999999,1.59,5.07
"elkvmnut","chla_n",0.0408354234610553,0.0227053555771056,0.058965491345005,1.61149279211948e-05,1.0417,4.17000000000001,2.29999999999999,6.07
"gndbcnut","chla_n",0.0854864958502738,0.0620429347231696,0.108930056977378,1.75557359884529e-11,1.0892,8.91999999999999,6.40000000000001,11.51
"gndbhnut","chla_n",0.0756285383157168,0.0459453599352686,0.105311716696165,1.35065972071784e-06,1.0786,7.86,4.69999999999999,11.11
"gndblnut","chla_n",0.109472823403302,0.0898841302531553,0.12906151655345,4.29795864358185e-22,1.1157,11.57,9.40000000000001,13.78
"gndpcnut","chla_n",0.0891266619084813,0.0675894217336453,0.110663902083317,6.503442532587e-14,1.0932,9.31999999999999,6.99000000000001,11.7
"grbgbnut","chla_n",0.0196670988638841,0.00131382677913934,0.0380203709486288,0.0377331032268038,1.0199,1.99,0.130000000000008,3.87999999999999
"grblrnut","chla_n",0.0126812753501849,-0.0100244479856928,0.0353869986860626,0.275835386691211,1.0128,1.27999999999999,-1,3.6
"grbornut","chla_n",0.0623531294783965,0.0387119785238776,0.0859942804329153,1.20734281877781e-06,1.0643,6.43,3.95000000000001,8.98000000000001
"grbsqnut","chla_n",0.00803162205329191,-0.011110682947622,0.0271739270542058,0.412570345257109,1.0081,0.81,-1.1,2.75000000000001
"gtmfmnut","chla_n",0.0233475151264038,0.0140943831909333,0.0326006470618743,1.44183075015881e-06,1.0236,2.36000000000001,1.42,3.30999999999999
"gtmpcnut","chla_n",0.0231528752023482,0.00366160410899414,0.0426441462957022,0.0207618796199632,1.0234,2.34000000000001,0.370000000000004,4.36000000000001
"gtmpinut","chla_n",0.00812991301220653,-0.00121259181266974,0.0174724178370828,0.0894038747979463,1.0082,0.819999999999999,-0.119999999999998,1.76000000000001
"gtmssnut","chla_n",0.019979195115321,0.0115003948316314,0.0284579953990107,6.35917877681678e-06,1.0202,2.02,1.16000000000001,2.88999999999999
"hudtnnut","chla_n",-0.0314174152418655,-0.0630773810260439,0.000242550542312876,0.0540355020588067,0.9691,-3.09,-6.11,0.0199999999999978
"hudtsnut","chla_n",-0.0430157856498123,-0.0725450428032698,-0.0134865284963548,0.00503197018469026,0.9579,-4.21,-6.99999999999999,-1.34
"jacb6nut","chla_n",0.0362567609005315,0.0209281658530608,0.0515853559480022,7.25879041492664e-06,1.0369,3.68999999999999,2.10999999999999,5.28999999999999
"jacb9nut","chla_n",0.0314304869076542,0.0151541861499324,0.0477067876653761,0.000217924474482416,1.0319,3.19,1.53000000000001,4.88999999999999
"jacbanut","chla_n",0.037643181835649,0.0114194184939704,0.0638669451773275,0.00549911095954112,1.0384,3.84,1.15000000000001,6.60000000000001
"jacnenut","chla_n",0.0347371392302649,0.0156384386859751,0.0538358397745548,0.00047911940278977,1.0353,3.53000000000001,1.58,5.52999999999999
"job09nut","chla_n",0.0231433568546941,-0.0286187501500637,0.0749054638594518,0.382676929309696,1.0234,2.34000000000001,-2.82,7.78000000000001
"job10nut","chla_n",0.0410826266787097,0.00744236669492895,0.0747228866624904,0.0182851762088244,1.0419,4.19,0.750000000000006,7.75999999999999
"job19nut","chla_n",0.0314137832806536,0.00471500986112117,0.0581125567001861,0.022859245277038,1.0319,3.19,0.469999999999993,5.98000000000001
"job20nut","chla_n",0.0531206109605457,0.0226063802529652,0.0836348416681262,0.000882080335419653,1.0546,5.46,2.28999999999999,8.72
"kachdnut","chla_n",0.0673312767193648,0.0517342685984101,0.0829282848403195,3.26221470028303e-15,1.0696,6.96000000000001,5.30999999999999,8.65
"kacsdnut","chla_n",0.0335163250734551,0.0200308554176594,0.0470017947292509,2.09789906139655e-06,1.0341,3.41,2.02,4.81
"kacssnut","chla_n",0.0285221360039458,0.0156177420988877,0.0414265299090039,2.21249100549237e-05,1.0289,2.88999999999999,1.57,4.23
"lksbanut","chla_n",0.00275375377533931,-0.0588155867599794,0.064323094310658,0.93045481633383,1.0028,0.279999999999991,-5.71,6.64
"lksblnut","chla_n",0.0264629241672969,-0.045670103325543,0.0985959516601367,0.475099850621119,1.0268,2.67999999999999,-4.46,10.36
"lksolnut","chla_n",-0.0067922433041,-0.0686549834481714,0.0550704968399714,0.830397485936731,0.9932,-0.680000000000003,-6.64,5.66
"marabnut","chla_n",0.0379716620878397,0.0199358823392183,0.0560074418364611,5.63933365824356e-05,1.0387,3.87,2.01,5.76000000000001
"marcenut","chla_n",0.0364965020909084,0.0162278058624307,0.0567651983193861,0.00053223797812048,1.0372,3.71999999999999,1.64,5.84
"marcwnut","chla_n",0.0323707431428469,0.0119744404081344,0.0527670458775595,0.00218708053472372,1.0329,3.28999999999999,1.2,5.42
"marmbnut","chla_n",0.0326916238974269,0.0137215712684979,0.0516616765263558,0.000906009112184531,1.0332,3.31999999999999,1.38,5.29999999999999
"marscnut","chla_n",0.0355016182138491,0.0167285992718879,0.0542746371558103,0.000279743452372915,1.0361,3.61,1.68999999999999,5.58000000000001
"narncnut","chla_n",0.061662241975521,0.0460522164702633,0.0772722674807788,1.03421175252874e-12,1.0636,6.36000000000001,4.70999999999999,8.03
"narpcnut","chla_n",0.0329369667131133,0.0177188729837059,0.0481550604425206,3.448110170259e-05,1.0335,3.35000000000001,1.79,4.92999999999999
"nartbnut","chla_n",0.0325506974501322,0.0176247544263397,0.0474766404739246,3.01163270797788e-05,1.0331,3.30999999999999,1.78,4.86
"nartsnut","chla_n",0.0339420301994967,0.0181207936198475,0.049763266779146,4.0388666880821e-05,1.0345,3.45,1.83,5.09999999999999
"niwcbnut","chla_n",0.0402505537292172,0.0284594958734037,0.0520416115850307,1.76082134175548e-10,1.0411,4.10999999999999,2.88999999999999,5.33999999999999
"niwdcnut","chla_n",0.0293527196348037,0.0179226702501426,0.0407827690194649,1.03764874800387e-06,1.0298,2.98,1.81,4.16000000000001
"niwolnut","chla_n",0.0343381196017795,0.0226121510952143,0.0460640881083447,3.06760609236739e-08,1.0349,3.48999999999999,2.28999999999999,4.70999999999999
"niwtanut","chla_n",0.0198115404408759,0.00394238300164208,0.0356806978801098,0.0151906881469393,1.02,2,0.4,3.63
"nocecnut","chla_n",0.0795376667776356,0.0636022688186842,0.095473064736587,8.43046829619864e-19,1.0828,8.28,6.57000000000001,10.02
"noclcnut","chla_n",0.0582748041875368,0.0446150622860599,0.0719345460890138,8.20410347608347e-15,1.06,6.00000000000001,4.56000000000001,7.46
"nocrcnut","chla_n",0.0437468584988734,0.0287476496562773,0.0587460673414695,4.08116618808452e-08,1.0447,4.47,2.91999999999999,6.05
"noczbnut","chla_n",0.0874792077691619,0.0708967737943515,0.104061641743972,2.35026467218749e-20,1.0914,9.13999999999999,7.34999999999999,10.97
"owcbrnut","chla_n",-0.00238248687580581,-0.0215043995327574,0.0167394257811457,0.807333916367986,0.9976,-0.239999999999996,-2.13,1.68999999999999
"owcdrnut","chla_n",0.0526683039875651,0.0128742337422533,0.0924623742328769,0.0105117258812212,1.0541,5.41,1.29999999999999,9.69
"owcolnut","chla_n",0.0602831446644954,0.0372764984556004,0.0832897908733905,6.92018828763665e-07,1.0621,6.21,3.8,8.69
"owcwmnut","chla_n",0.0495051544195521,0.027711344509466,0.0712989643296382,1.43809354060782e-05,1.0508,5.08,2.81,7.39000000000001
"pdbbpnut","chla_n",0.0177797084587725,0.0063148687632834,0.0292445481542616,0.00263739368722543,1.0179,1.79,0.629999999999997,2.97000000000001
"pdbbynut","chla_n",0.0146266547558941,0.00379214998780896,0.0254611595239792,0.00870145748781266,1.0147,1.46999999999999,0.380000000000003,2.58
"pdbgsnut","chla_n",0.00990608426206772,-0.00590597977360258,0.025718148297738,0.220849103160857,1.01,1,-0.590000000000002,2.61
"rkbfbnut","chla_n",0.0181858352263869,0.00635938326216346,0.0300122871906102,0.00286538329845632,1.0184,1.84,0.639999999999996,3.05
"rkbfunut","chla_n",0.00765656511676815,-0.00152688963569762,0.0168400198692339,0.103578234822062,1.0077,0.770000000000004,-0.149999999999995,1.69999999999999
"rkblhnut","chla_n",0.0135448726109517,0.000490395214688882,0.0265993500072145,0.0431348419353063,1.0136,1.36000000000001,0.0499999999999945,2.69999999999999
"rkbmbnut","chla_n",0.00498872206254403,-0.00614887348802424,0.0161263176131123,0.380890322712387,1.005,0.499999999999989,-0.609999999999999,1.63
"sapcanut","chla_n",-0.00995750804340308,-0.0217228938832274,0.00180787779642126,0.0990825324273276,0.9901,-0.990000000000002,-2.15,0.180000000000002
"sapdcnut","chla_n",0.0174211031298809,-0.000162316394096078,0.035004522653858,0.0538790383583196,1.0176,1.76000000000001,-0.0199999999999978,3.56000000000001
"saphdnut","chla_n",0.0123214200257461,0.000564963454771908,0.0240778765967203,0.0413449803851978,1.0124,1.24,0.0599999999999934,2.44
"sapldnut","chla_n",0.0103294187328606,0.00232809660965379,0.0183307408560674,0.0122115721022005,1.0104,1.04,0.229999999999997,1.85
"sfbccnut","chla_n",-0.00144461370132317,-0.0336453636218978,0.0307561362192515,0.930044179553458,0.9986,-0.139999999999996,-3.31,3.11999999999999
"sfbfmnut","chla_n",-0.0548720992360668,-0.0769405479675541,-0.0328036505045796,2.85661613367908e-06,0.9466,-5.34,-7.41000000000001,-3.23
"sfbgcnut","chla_n",-0.00596859642537617,-0.0336746158086746,0.0217374229579223,0.673420707432665,0.994,-0.600000000000001,-3.31,2.2
"sfbsmnut","chla_n",-0.0424204694450423,-0.0659290166739778,-0.0189119222161068,0.000552543671435583,0.9585,-4.15,-6.38,-1.87
"soschnut","chla_n",0.0261925026192847,0.0123218775161346,0.0400631277224347,0.000286319144140335,1.0265,2.65,1.24,4.08999999999999
"sosvanut","chla_n",0.0189463374789499,0.00518553742186274,0.032707137536037,0.00764470885698153,1.0191,1.90999999999999,0.520000000000009,3.31999999999999
"soswinut","chla_n",0.0346263120768155,0.0173208407156563,0.0519317834379748,0.000125702142729117,1.0352,3.51999999999999,1.75000000000001,5.32999999999999
"tjrbrnut","chla_n",0.0506214815691968,0.0251248993624364,0.0761180637759573,0.000139524313787862,1.0519,5.19000000000001,2.54000000000001,7.90999999999999
"tjrosnut","chla_n",0.0624553112024164,0.0329831572988668,0.091927465105966,5.0555556447817e-05,1.0644,6.44,3.35000000000001,9.63000000000001
"tjrprnut","chla_n",-0.0236938184227376,-0.0520599478972753,0.00467231105180009,0.104596139659076,0.9766,-2.34,-5.07,0.469999999999993
"tjrsbnut","chla_n",-0.0492534599266343,-0.0747019683501696,-0.023804951503099,0.000214519518610386,0.9519,-4.81,-7.2,-2.35
"welhtnut","chla_n",-0.0415461828762817,-0.068727652991097,-0.0143647127614665,0.00333512478143294,0.9593,-4.07,-6.64,-1.43
"welinnut","chla_n",-0.027021410581065,-0.0476524966649754,-0.00639032449715455,0.0111760253803305,0.9733,-2.66999999999999,-4.65,-0.639999999999996
"wellmnut","chla_n",-0.0232651574113317,-0.0516926583945082,0.00516234357184481,0.111413023856285,0.977,-2.3,-5.04,0.520000000000009
"welsmnut","chla_n",0.0272058083721462,-0.00362678414936052,0.0580384008936529,0.0866221823117816,1.0276,2.76000000000001,-0.360000000000005,5.98000000000001
"wkbfrnut","chla_n",0.0616345603089458,0.033384099920191,0.0898850206977005,2.89216925333437e-05,1.0636,6.36000000000001,3.39,9.40000000000001
"wkbmbnut","chla_n",0.0296074253937672,0.00487865517118253,0.0543361956163518,0.0198573320673031,1.0301,3.01,0.48999999999999,5.58000000000001
"wkbmrnut","chla_n",0.0441416195592815,0.0186673779788144,0.0696158611397486,0.000817029911284086,1.0451,4.50999999999999,1.87999999999999,7.21000000000001
"wkbwbnut","chla_n",0.0260199777574063,0.00257319408712049,0.0494667614276921,0.0307266036499177,1.0264,2.64,0.259999999999994,5.07
"wqbcrnut","chla_n",0.023674337527249,0.00130335698984631,0.0460453180646517,0.0396601069374191,1.024,2.4,0.130000000000008,4.70999999999999
"wqbmhnut","chla_n",0.0390556590551961,0.0236838338786381,0.0544274842317541,1.51518502750791e-06,1.0398,3.98000000000001,2.4,5.59000000000001
"wqbmpnut","chla_n",0.0518614270031883,0.0354613883870727,0.0682614656193038,6.61282255183443e-09,1.0532,5.31999999999999,3.61,7.06
"wqbslnut","chla_n",0.0648962898539027,0.0466869053383245,0.0831056743694809,1.23309647894441e-10,1.067,6.69999999999999,4.78000000000001,8.67
"acefcnut","no23f_mdl",-0.00469937977951525,-0.0189414743110334,0.0095427147520029,0.518495901894821,0.9953,-0.470000000000004,-1.88,0.960000000000005
"acemcnut","no23f_mdl",-0.0105004648722462,-0.0310061530215589,0.0100052232770664,0.316649040265201,0.9896,-1.04,-3.05,1.01
"acespnut","no23f_mdl",-0.0109399117528215,-0.0280013715429599,0.00612154803731699,0.210197346092338,0.9891,-1.09,-2.76,0.609999999999999
"apacpnut","no23f_mdl",-0.0604716128107902,-0.0904313432038631,-0.0305118824177172,0.000103139403189603,0.9413,-5.87,-8.65,-3.01
"apadbnut","no23f_mdl",-0.0625418634972283,-0.0966888807987487,-0.0283948461957078,0.00040960251430903,0.9394,-6.06,-9.22,-2.8
"apaebnut","no23f_mdl",-0.0334705838726659,-0.064757076350373,-0.00218409139495876,0.037167807356967,0.9671,-3.29,-6.27,-0.219999999999998
"apaesnut","no23f_mdl",-0.0258593064952951,-0.0582788617480097,0.00656024875741943,0.119435801624593,0.9745,-2.55,-5.66,0.659999999999994
"cbmipnut","no23f_mdl",-0.0357640745785241,-0.0503104712671414,-0.0212176778899067,2.71201079051287e-06,0.9649,-3.51,-4.91,-2.1
"cbmmcnut","no23f_mdl",-0.0140158508166714,-0.0374458689681766,0.00941416733483383,0.242555181168048,0.9861,-1.39,-3.68000000000001,0.950000000000006
"cbmocnut","no23f_mdl",-0.0144910835339868,-0.0427774840729398,0.0137953170049661,0.316666749485008,0.9856,-1.44,-4.19,1.39
"cbmrrnut","no23f_mdl",-0.0355492426402132,-0.0479731366942449,-0.0231253485861815,6.35541654130598e-08,0.9651,-3.49,-4.68,-2.29
"cbvcbnut","no23f_mdl",0.0296421982981146,-0.00543867331978878,0.064723069916018,0.0990933244809577,1.0301,3.01,-0.539999999999996,6.69
"cbvginut","no23f_mdl",0.0313295121686047,0.000313274798303027,0.0623457495389064,0.0489403746797316,1.0318,3.18000000000001,0.0299999999999967,6.43
"cbvtcnut","no23f_mdl",0.0835656546228876,0.0505774733340481,0.116553835911727,1.33856001113183e-06,1.0872,8.72,5.19000000000001,12.36
"delblnut","no23f_mdl",-0.00158655347123922,-0.0393307040874074,0.036157597144929,0.934413661486089,0.9984,-0.160000000000005,-3.86,3.67999999999999
"deldsnut","no23f_mdl",0.0132256283533437,-0.00907009547435887,0.0355213521810463,0.246185275134003,1.0133,1.33000000000001,-0.900000000000001,3.62
"delllnut","no23f_mdl",0.00955486733268077,-0.0136611465400124,0.0327708812053739,0.420682900151874,1.0096,0.960000000000005,-1.35999999999999,3.33000000000001
"delslnut","no23f_mdl",0.00193145263632597,-0.0141290338160622,0.0179919390887141,0.813868244288374,1.0019,0.190000000000001,-1.4,1.82
"elkapnut","no23f_mdl",0.0233612525296203,-0.00825750869456964,0.0549800137538102,0.149043349558704,1.0236,2.36000000000001,-0.819999999999999,5.65
"elknmnut","no23f_mdl",0.0279352337753497,0.00657102510503618,0.0492994424456633,0.0110404081463591,1.0283,2.83,0.659999999999994,5.05
"elksmnut","no23f_mdl",0.00816085757378659,-0.0108287232048119,0.0271504383523851,0.400520002344371,1.0082,0.819999999999999,-1.08,2.75000000000001
"elkvmnut","no23f_mdl",0.0277191873580284,0.00856446580355638,0.0468739089125005,0.00499754986971166,1.0281,2.81,0.859999999999994,4.8
"gndbcnut","no23f_mdl",-0.0711371382052112,-0.0953458737682974,-0.0469284026421249,4.09985841758342e-08,0.9313,-6.87,-9.09,-4.57999999999999
"gndbhnut","no23f_mdl",-0.0581265714317808,-0.0814321339437034,-0.0348210089198582,2.47819361115818e-06,0.9435,-5.65,-7.82,-3.42
"gndblnut","no23f_mdl",-0.0858618761484973,-0.106041478392598,-0.0656822739043964,3.06786292588521e-14,0.9177,-8.23,-10.06,-6.36
"gndpcnut","no23f_mdl",-0.0770575753435034,-0.100625402312302,-0.0534897483747046,1.7020237176801e-09,0.9258,-7.42,-9.57,-5.21
"grbgbnut","no23f_mdl",0.0186982092894171,-0.013163015159946,0.0505594337387803,0.251735115997504,1.0189,1.88999999999999,-1.31,5.19000000000001
"grblrnut","no23f_mdl",0.00625799648006621,-0.0080990601108527,0.0206150530709851,0.39417672337291,1.0063,0.629999999999997,-0.81,2.07999999999999
"grbornut","no23f_mdl",-0.0438212377282413,-0.0642399636949536,-0.023402511761529,4.56554188438496e-05,0.9571,-4.29,-6.22,-2.31
"grbsqnut","no23f_mdl",0.0113384991099969,-0.00185813912565801,0.0245351373456519,0.0941558305799158,1.0114,1.14000000000001,-0.190000000000001,2.47999999999999
"gtmfmnut","no23f_mdl",-0.0409292717762291,-0.0595785370463972,-0.022280006506061,2.46712308918132e-05,0.9599,-4.01,-5.78,-2.2
"gtmpcnut","no23f_mdl",-0.0129842269129361,-0.0346503400336811,0.00868188620780891,0.24135320692156,0.9871,-1.29,-3.41,0.869999999999993
"gtmpinut","no23f_mdl",-0.0168215481329088,-0.0381893364993304,0.00454624023351282,0.124238360523409,0.9833,-1.67,-3.75,0.459999999999994
"gtmssnut","no23f_mdl",-0.000664374372371721,-0.0216712152860643,0.0203424665413208,0.950624970260686,0.9993,-0.0700000000000034,-2.14,2.06
"hudtnnut","no23f_mdl",0.00400908629132199,-0.0104382902519211,0.018456462834565,0.587322423879163,1.004,0.4,-1.04,1.85999999999999
"hudtsnut","no23f_mdl",0.00234542087634888,-0.0159442144860005,0.0206350562386983,0.801898583118213,1.0023,0.229999999999997,-1.58,2.07999999999999
"jacb6nut","no23f_mdl",-0.0614288997146474,-0.099035610182208,-0.0238221892470867,0.00164836541031637,0.9404,-5.96,-9.43000000000001,-2.35
"jacb9nut","no23f_mdl",-0.061709158521846,-0.0974098826191684,-0.0260084344245235,0.000891213371839715,0.9402,-5.98,-9.28,-2.56999999999999
"jacbanut","no23f_mdl",-0.00669870635116587,-0.0362268557353937,0.0228294430330619,0.657196367539247,0.9933,-0.670000000000004,-3.56,2.30999999999999
"jacnenut","no23f_mdl",-0.0143730243564864,-0.035038437392468,0.00629238867949524,0.174742791631985,0.9857,-1.43,-3.44,0.629999999999997
"job09nut","no23f_mdl",0.191628988136895,0.13804437887202,0.24521359740177,6.52392364053948e-11,1.2112,21.12,14.8,27.79
"job10nut","no23f_mdl",0.165691256302946,0.108678294934949,0.222704217670943,5.68598085378628e-08,1.1802,18.02,11.48,24.95
"job19nut","no23f_mdl",0.14195858159852,0.0871513803270666,0.196765782869974,1.02784599859249e-06,1.1525,15.25,9.11,21.75
"job20nut","no23f_mdl",0.145870369442896,0.0930230126406221,0.198717726245171,2.1995575827744e-07,1.157,15.7,9.74999999999999,21.98
"kachdnut","no23f_mdl",-0.0117404851660104,-0.0326998877156533,0.00921891738363255,0.273610411615502,0.9883,-1.17,-3.22,0.930000000000009
"kacsdnut","no23f_mdl",0.00249724167713059,-0.0150683134698541,0.0200627968241152,0.780803155419006,1.0025,0.249999999999995,-1.5,2.03
"kacssnut","no23f_mdl",0.00226199376948127,-0.0172263320289388,0.0217503195679014,0.820268346499486,1.0023,0.229999999999997,-1.71,2.2
"lksbanut","no23f_mdl",0.00253121574501467,-0.0342312960557582,0.0392937275457876,0.893289822952339,1.0025,0.249999999999995,-3.37,4.01
"lksblnut","no23f_mdl",0.00814103418702267,-0.0248338885340518,0.0411159569080971,0.631078747042165,1.0082,0.819999999999999,-2.45,4.2
"lksolnut","no23f_mdl",0.018885633284454,-0.130445181005993,0.168216447574901,0.805506469234249,1.0191,1.90999999999999,-12.23,18.32
"marabnut","no23f_mdl",0.216540800442635,0.149480270523748,0.283601330361522,7.30571085242598e-09,1.2418,24.18,16.12,32.79
"marcenut","no23f_mdl",0.237829043089487,0.180309481420227,0.295348604758747,1.39276962720817e-12,1.2685,26.85,19.76,34.36
"marcwnut","no23f_mdl",0.247362668130123,0.190212244201415,0.30451309205883,2.73266775202181e-13,1.2806,28.06,20.95,35.6
"marmbnut","no23f_mdl",0.240058192097141,0.179192191860069,0.300924192334212,1.05330423906528e-11,1.2713,27.13,19.63,35.11
"marscnut","no23f_mdl",0.217730780230054,0.160667878370494,0.274793682089615,3.39364768341707e-11,1.2433,24.33,17.43,31.63
"narncnut","no23f_mdl",-0.0654951158496281,-0.0888853657318649,-0.0421048659673913,1.90771542008757e-07,0.9366,-6.34,-8.5,-4.12
"narpcnut","no23f_mdl",-0.00779381825284447,-0.0376706434306912,0.0220830069250023,0.609900079960037,0.9922,-0.780000000000003,-3.7,2.23
"nartbnut","no23f_mdl",-0.0373555771973187,-0.0628532734538579,-0.0118578809407795,0.00467887912411537,0.9633,-3.67,-6.09,-1.18
"nartsnut","no23f_mdl",-0.00185953956146877,-0.0318713807213581,0.0281523015984206,0.903505777756203,0.9981,-0.190000000000001,-3.14,2.86
"niwcbnut","no23f_mdl",0.00290732409322884,-0.0157322462902709,0.0215468944767286,0.760095130333842,1.0029,0.28999999999999,-1.55999999999999,2.18
"niwdcnut","no23f_mdl",0.0201801337512278,0.00599296520430413,0.0343673022981514,0.00577165454624069,1.0204,2.04,0.600000000000001,3.49999999999999
"niwolnut","no23f_mdl",0.0120627411280673,-0.000319056521827848,0.0244445387779625,0.0574201407411285,1.0121,1.21,-0.0299999999999967,2.46999999999999
"niwtanut","no23f_mdl",0.050027887233334,0.0366410168142055,0.0634147576524624,3.99465549036463e-12,1.0513,5.12999999999999,3.73000000000001,6.54999999999999
"nocecnut","no23f_mdl",0.0474862783064858,0.0106983087571259,0.0842742478558456,0.0121438737215559,1.0486,4.86,1.07999999999999,8.79000000000001
"noclcnut","no23f_mdl",0.0545990121040382,0.0240712865265233,0.085126737681553,0.000553201042506533,1.0561,5.61,2.44,8.89
"nocrcnut","no23f_mdl",0.113238442453065,0.0772342034370381,0.149242681469091,3.90127202753895e-09,1.1199,11.99,8.03,16.1
"noczbnut","no23f_mdl",0.0336119576115596,-0.0038054624879837,0.071029377711103,0.079759281355281,1.0342,3.42,-0.380000000000003,7.36000000000001
"owcbrnut","no23f_mdl",-0.0664447496254156,-0.095667915199683,-0.0372215840511481,1.41549020368656e-05,0.9357,-6.43,-9.11999999999999,-3.65
"owcdrnut","no23f_mdl",-0.0185994428796544,-0.0841812359282574,0.0469823501689486,0.579245610366184,0.9816,-1.84,-8.07,4.81
"owcolnut","no23f_mdl",-0.0838277396574166,-0.123076710296308,-0.0445787690185254,4.36915493945605e-05,0.9196,-8.04,-11.58,-4.36
"owcwmnut","no23f_mdl",-0.078976867931171,-0.118570075072057,-0.0393836607902851,0.000128362494499074,0.9241,-7.59,-11.18,-3.86
"pdbbpnut","no23f_mdl",-0.0190504008939116,-0.0420187488522948,0.00391794706447157,0.105608545532738,0.9811,-1.89,-4.11,0.390000000000001
"pdbbynut","no23f_mdl",-0.0335187468294373,-0.0539348414914324,-0.0131026521674422,0.00151511912291346,0.967,-3.3,-5.25,-1.3
"pdbgsnut","no23f_mdl",-0.0060026974357297,-0.0294526635546119,0.0174472686831525,0.616466202414653,0.994,-0.600000000000001,-2.9,1.76000000000001
"rkbfbnut","no23f_mdl",-0.0533911402003195,-0.0731501383608183,-0.0336321420398207,2.90836414341583e-07,0.948,-5.2,-7.05,-3.31
"rkbfunut","no23f_mdl",-0.0125024573064682,-0.02974908429151,0.00474416967857357,0.156855729525764,0.9876,-1.24,-2.93,0.479999999999992
"rkblhnut","no23f_mdl",-0.0428989026889668,-0.0642172499285315,-0.0215805554494021,0.000107520136884867,0.958,-4.2,-6.22,-2.13
"rkbmbnut","no23f_mdl",-0.0607374498465778,-0.0817613208141692,-0.0397135788789863,4.82861713909858e-08,0.9411,-5.89,-7.85,-3.89
"sapcanut","no23f_mdl",0.0275522774822582,0.0018455372208877,0.0532590177436286,0.0371547018049931,1.0279,2.79,0.180000000000002,5.47
"sapdcnut","no23f_mdl",0.00482572733438481,-0.0255243253818024,0.035175780050572,0.755702508350291,1.0048,0.479999999999992,-2.52,3.58000000000001
"saphdnut","no23f_mdl",0.0122385382157264,-0.00742931362159771,0.0319063900530506,0.224068571960753,1.0123,1.23,-0.739999999999996,3.24
"sapldnut","no23f_mdl",-0.0117864733474454,-0.0373752486763186,0.0138023019814278,0.367746075243248,0.9883,-1.17,-3.67,1.39
"sfbccnut","no23f_mdl",-0.00953128172395624,-0.0614100921266023,0.0423475286786898,0.720809141270419,0.9905,-0.949999999999995,-5.96,4.32999999999999
"sfbfmnut","no23f_mdl",,,,,,,,
"sfbgcnut","no23f_mdl",-0.0673036333798089,-0.120881449459662,-0.0137258172999559,0.0189475256491547,0.9349,-6.51000000000001,-11.39,-1.35999999999999
"sfbsmnut","no23f_mdl",-0.010714098110555,-0.0783433338840298,0.0569151376629199,0.75858120781679,0.9893,-1.07,-7.54,5.86
"soschnut","no23f_mdl",0.00261028109045724,-0.0190590120413624,0.0242795742222769,0.813724540355638,1.0026,0.259999999999994,-1.89,2.46
"sosvanut","no23f_mdl",0.0126146976408367,-0.0102971090295115,0.0355265043111849,0.282526713237009,1.0127,1.26999999999999,-1.02,3.62
"soswinut","no23f_mdl",0.00820901025599082,-0.0115141682856406,0.0279321887976223,0.416115069472813,1.0082,0.819999999999999,-1.14,2.83
"tjrbrnut","no23f_mdl",-0.0120912384362969,-0.0469794800492351,0.0227970031766413,0.497832999843433,0.988,-1.2,-4.59000000000001,2.30999999999999
"tjrosnut","no23f_mdl",-0.0235297123167014,-0.0575060594507504,0.0104466348173477,0.176209942685359,0.9767,-2.33,-5.58999999999999,1.05
"tjrprnut","no23f_mdl",-0.0449746716698123,-0.123347786745076,0.0333984434054511,0.263125300043605,0.956,-4.4,-11.6,3.4
"tjrsbnut","no23f_mdl",-0.0923153184985507,-0.140425421855198,-0.044205215141903,0.000240017363863549,0.9118,-8.81999999999999,-13.1,-4.32
"welhtnut","no23f_mdl",0.0397809325554221,0.0162361893962648,0.0633256757145793,0.00119307812656597,1.0406,4.06,1.64,6.53999999999999
"welinnut","no23f_mdl",0.080492526256219,0.0488225088548892,0.112162543657549,1.45138400972771e-06,1.0838,8.38000000000001,5,11.87
"wellmnut","no23f_mdl",0.0318067567589002,-0.0143972302778279,0.0780107437956283,0.179615945831431,1.0323,3.23,-1.43,8.11
"welsmnut","no23f_mdl",0.0235961161282695,0.00452161431379652,0.0426706179427425,0.0168412540954342,1.0239,2.39,0.449999999999995,4.36000000000001
"wkbfrnut","no23f_mdl",0.0256573433353915,0.00280044749028839,0.0485142391804946,0.0288558607205682,1.026,2.6,0.279999999999991,4.97000000000001
"wkbmbnut","no23f_mdl",0.0489349678113185,0.0171990888836712,0.0806708467389659,0.0028109641376975,1.0502,5.02,1.73000000000001,8.40000000000001
"wkbmrnut","no23f_mdl",0.0121676834839173,-0.014441482612521,0.0387768495803555,0.3711191936025,1.0122,1.22,-1.43,3.95000000000001
"wkbwbnut","no23f_mdl",0.0356566999745175,0.0031389834658831,0.0681744164831518,0.032753166023616,1.0363,3.63,0.31000000000001,7.06
"wqbcrnut","no23f_mdl",0.0123095912563544,-0.03248101127962,0.0571001937923287,0.59122187987133,1.0124,1.24,-3.2,5.88
"wqbmhnut","no23f_mdl",-0.0214448883766775,-0.0611184682798639,0.018228691526509,0.291543319698597,0.9788,-2.12,-5.93,1.84
"wqbmpnut","no23f_mdl",0.0541713754162519,-0.00118910331839489,0.109531854150899,0.0582111700713049,1.0557,5.57000000000001,-0.119999999999998,11.58
"wqbslnut","no23f_mdl",0.0475817004695958,-0.0100789168388111,0.105242317778003,0.109080574397323,1.0487,4.87,-1,11.1
"acefcnut","nh4f_mdl",0.0534425361701934,0.0291780148842974,0.0777070574560895,2.3448627220844e-05,1.0549,5.48999999999999,2.96000000000001,8.08
"acemcnut","nh4f_mdl",-0.0079771523453406,-0.0310803721785879,0.0151260674879067,0.499256200941397,0.9921,-0.790000000000002,-3.06,1.52000000000001
"acespnut","nh4f_mdl",0.00792556760794263,-0.0142267670159716,0.0300779022318569,0.483867300085943,1.008,0.800000000000001,-1.41,3.05
"apacpnut","nh4f_mdl",-0.0763260936492552,-0.0943121512849756,-0.0583400360135347,9.30852070054395e-15,0.9265,-7.35,-9,-5.67
"apadbnut","nh4f_mdl",-0.0650036896568637,-0.0846838952554803,-0.0453234840582471,6.17778775911335e-10,0.9371,-6.29,-8.12,-4.43
"apaebnut","nh4f_mdl",-0.0140690761780354,-0.0380581795752725,0.00992002721920161,0.251589161867113,0.986,-1.4,-3.73,1
"apaesnut","nh4f_mdl",-0.0295184434469711,-0.0515034077493611,-0.00753347914458107,0.00909643418067336,0.9709,-2.91,-5.02,-0.749999999999995
"cbmipnut","nh4f_mdl",-0.00653813078661521,-0.0217397512896111,0.00866348971638066,0.400215765117931,0.9935,-0.649999999999995,-2.15,0.869999999999993
"cbmmcnut","nh4f_mdl",0.00286170077353149,-0.0111782165502846,0.0169016180973475,0.690016388993474,1.0029,0.28999999999999,-1.11,1.69999999999999
"cbmocnut","nh4f_mdl",-0.00655001828151677,-0.0301018563605884,0.0170018197975549,0.586376474419976,0.9935,-0.649999999999995,-2.96999999999999,1.70999999999999
"cbmrrnut","nh4f_mdl",-0.0195522056687344,-0.0329163861745303,-0.00618802516293844,0.00456456421797171,0.9806,-1.94,-3.24,-0.619999999999998
"cbvcbnut","nh4f_mdl",-0.0209656174230712,-0.0397469378735716,-0.00218429697257087,0.0296598070618924,0.9793,-2.07000000000001,-3.9,-0.219999999999998
"cbvginut","nh4f_mdl",-0.0402581927004465,-0.0572550705544393,-0.0232613148464537,5.84518444601006e-06,0.9605,-3.95,-5.56,-2.3
"cbvtcnut","nh4f_mdl",0.0503380964551541,0.0289516567886594,0.0717245361216489,6.42971869917294e-06,1.0516,5.16000000000001,2.94000000000001,7.44
"delblnut","nh4f_mdl",0.00326563209993518,-0.0273432040846987,0.033874468284569,0.834562744772249,1.0033,0.330000000000008,-2.7,3.45
"deldsnut","nh4f_mdl",0.0118845156788108,-0.0182119106955006,0.0419809420531222,0.439790342501868,1.012,1.2,-1.8,4.28999999999999
"delllnut","nh4f_mdl",0.0130791487039652,-0.00946295126040898,0.0356212486683393,0.256656598787602,1.0132,1.32000000000001,-0.939999999999996,3.63
"delslnut","nh4f_mdl",-0.00217747316109379,-0.019241447909035,0.0148865015868474,0.802737668935024,0.9978,-0.219999999999998,-1.91,1.49999999999999
"elkapnut","nh4f_mdl",0.00730401263243871,-0.0149447928122471,0.0295528180771245,0.520640191315496,1.0073,0.730000000000008,-1.48,3
"elknmnut","nh4f_mdl",0.0336638842342693,0.0110083336492477,0.0563194348192909,0.00397067615810631,1.0342,3.42,1.11000000000001,5.79000000000001
"elksmnut","nh4f_mdl",0.0184913783976288,-0.000489903540495887,0.0374726603357535,0.05755834568199,1.0187,1.86999999999999,-0.0499999999999945,3.82
"elkvmnut","nh4f_mdl",0.0242182647222568,0.008710243550266,0.0397262858942477,0.0024990486191829,1.0245,2.45,0.869999999999993,4.05
"gndbcnut","nh4f_mdl",-0.09823751003993,-0.133657692338487,-0.0628173277413726,1.90474891082877e-07,0.9064,-9.36,-12.51,-6.09
"gndbhnut","nh4f_mdl",-0.0824953728582059,-0.125441465664453,-0.0395492800519589,0.000232691752060257,0.9208,-7.92000000000001,-11.79,-3.87999999999999
"gndblnut","nh4f_mdl",-0.129910142915446,-0.156540231754045,-0.103280054076846,1.33086396414993e-17,0.8782,-12.18,-14.49,-9.81
"gndpcnut","nh4f_mdl",-0.134111591070606,-0.161086923830492,-0.10713625831072,5.76673958239954e-18,0.8745,-12.55,-14.88,-10.16
"grbgbnut","nh4f_mdl",-0.0297919476708177,-0.0598173655130643,0.000233470171428888,0.0534637811738561,0.9706,-2.94,-5.81,0.0199999999999978
"grblrnut","nh4f_mdl",0.0191944623631885,-0.00211977372090089,0.0405086984472779,0.0793888637340574,1.0194,1.94000000000001,-0.209999999999999,4.12999999999999
"grbornut","nh4f_mdl",0.0115183354094004,-0.0136073816017068,0.0366440524205076,0.370348135800686,1.0116,1.16000000000001,-1.35,3.73000000000001
"grbsqnut","nh4f_mdl",0.0122693598038622,-0.00714839090872052,0.0316871105164449,0.217295086554166,1.0123,1.23,-0.71,3.22
"gtmfmnut","nh4f_mdl",-0.0632161946297099,-0.0789517730113107,-0.047480616248109,1.25225668824343e-13,0.9387,-6.13,-7.59,-4.64
"gtmpcnut","nh4f_mdl",-0.0504314078508286,-0.0675602294994044,-0.0333025862022527,2.46532563327056e-08,0.9508,-4.92,-6.53,-3.28000000000001
"gtmpinut","nh4f_mdl",-0.0504169632867001,-0.0648954310482939,-0.0359384955251063,7.62152739157521e-11,0.9508,-4.92,-6.28,-3.53
"gtmssnut","nh4f_mdl",-0.0543236159102715,-0.071550527739976,-0.0370967040805671,2.83003809847667e-09,0.9471,-5.28999999999999,-6.91000000000001,-3.64
"hudtnnut","nh4f_mdl",0.00788223500094035,-0.0108419587558462,0.0266064287577269,0.410568113642311,1.0079,0.790000000000002,-1.08,2.69999999999999
"hudtsnut","nh4f_mdl",-0.00587055710930515,-0.026082803910831,0.0143416896922207,0.569981982076963,0.9941,-0.590000000000002,-2.56999999999999,1.44
"jacb6nut","nh4f_mdl",-0.016826521660598,-0.0493081356018031,0.015655092280607,0.311489183944544,0.9833,-1.67,-4.81,1.58
"jacb9nut","nh4f_mdl",-0.000939796590038915,-0.0335688749912134,0.0316892818111355,0.955054250605671,0.9991,-0.0900000000000012,-3.3,3.22
"jacbanut","nh4f_mdl",-0.0612779214564533,-0.0839719765626259,-0.0385838663502806,3.94854259964092e-07,0.9406,-5.94,-8.05,-3.77999999999999
"jacnenut","nh4f_mdl",-0.0454526849908868,-0.0650762783272116,-0.0258290916545621,1.09036452909112e-05,0.9556,-4.44,-6.29999999999999,-2.55
"job09nut","nh4f_mdl",-0.114223687300513,-0.134324391428502,-0.0941229831725239,4.19423455400261e-22,0.8921,-10.79,-12.57,-8.98
"job10nut","nh4f_mdl",-0.105879673389662,-0.124343274588137,-0.0874160721911879,2.06046508776452e-22,0.8995,-10.05,-11.69,-8.37
"job19nut","nh4f_mdl",-0.141286971042172,-0.165792809686828,-0.116781132397516,1.31151667469622e-22,0.8682,-13.18,-15.28,-11.02
"job20nut","nh4f_mdl",-0.138823816953417,-0.161812818682665,-0.115834815224169,3.77607916490163e-24,0.8704,-12.96,-14.94,-10.94
"kachdnut","nh4f_mdl",0.0245037548417822,0.00187926168278467,0.0471282480007797,0.0350422731980824,1.0248,2.47999999999999,0.190000000000001,4.83
"kacsdnut","nh4f_mdl",0.0419952597873127,0.0191148913094448,0.0648756282651805,0.000403542840544142,1.0429,4.28999999999999,1.93000000000001,6.69999999999999
"kacssnut","nh4f_mdl",0.03631296351808,0.0148551231315756,0.0577708039045845,0.00107804356020956,1.037,3.69999999999999,1.49999999999999,5.95000000000001
"lksbanut","nh4f_mdl",-0.0246168008141018,-0.135350141082793,0.0861165394545895,0.666442309044348,0.9757,-2.43,-12.66,8.99000000000001
"lksblnut","nh4f_mdl",-0.0413382782103595,-0.0942716615087748,0.0115951050880558,0.138201486526694,0.9595,-4.05,-9,1.17
"lksolnut","nh4f_mdl",-0.0627337795252125,-0.149202861724859,0.0237353026744344,0.164913825590554,0.9392,-6.08,-13.86,2.4
"marabnut","nh4f_mdl",0.132666131000605,0.0737448327427001,0.191587429258511,2.56622172930218e-05,1.1419,14.19,7.65,21.12
"marcenut","nh4f_mdl",0.116384950601727,0.0574838153994551,0.175286085803998,0.000188677077508846,1.1234,12.34,5.91999999999999,19.16
"marcwnut","nh4f_mdl",0.115908503891929,0.0581301152187776,0.173686892565081,0.000153826819760811,1.1229,12.29,5.99000000000001,18.97
"marmbnut","nh4f_mdl",0.100608561409556,0.038935500509148,0.162281622309963,0.00186261288408194,1.1058,10.58,3.97000000000001,17.62
"marscnut","nh4f_mdl",0.127530829876898,0.0720816314765975,0.182980028277198,1.76735604013263e-05,1.136,13.6,7.47,20.08
"narncnut","nh4f_mdl",0.0128280663604004,-0.0144911522779011,0.0401472849987019,0.358998998455997,1.0129,1.28999999999999,-1.44,4.09999999999999
"narpcnut","nh4f_mdl",-0.0436939878568687,-0.0661809215868576,-0.0212070541268798,0.000201882336827279,0.9572,-4.27999999999999,-6.4,-2.1
"nartbnut","nh4f_mdl",-0.0244641265102926,-0.0462919447944947,-0.00263630822609051,0.0295849381361483,0.9758,-2.42,-4.52,-0.260000000000005
"nartsnut","nh4f_mdl",-0.00744394930402121,-0.0302955695895099,0.0154076709814675,0.524135134695873,0.9926,-0.739999999999996,-2.98,1.55000000000001
"niwcbnut","nh4f_mdl",0.0474283885750035,0.0355612122526329,0.0592955648973741,1.72198816107854e-13,1.0486,4.86,3.62,6.10999999999999
"niwdcnut","nh4f_mdl",0.0402821110106645,0.029530018438779,0.0510342035825499,4.04822173387001e-12,1.0411,4.10999999999999,3,5.24
"niwolnut","nh4f_mdl",0.035389604355834,0.0236385944072291,0.0471406143044388,1.26017471300525e-08,1.036,3.6,2.39,4.83
"niwtanut","nh4f_mdl",0.00884524694636646,-0.00293327101985352,0.0206237649125864,0.142425921673673,1.0089,0.889999999999991,-0.290000000000001,2.07999999999999
"nocecnut","nh4f_mdl",-0.0691759548971739,-0.0887695902102614,-0.0495823195840865,5.35961841328132e-11,0.9332,-6.68,-8.49,-4.84
"noclcnut","nh4f_mdl",-0.121095062768577,-0.139220501480632,-0.102969624056523,2.98867156579194e-29,0.8859,-11.41,-13,-9.78
"nocrcnut","nh4f_mdl",-0.129588008332574,-0.149986936831062,-0.109189079834086,1.03158991827347e-26,0.8785,-12.15,-13.93,-10.34
"noczbnut","nh4f_mdl",-0.0708217091306875,-0.0926988495471503,-0.0489445687142247,1.34183799261052e-09,0.9316,-6.84,-8.85,-4.78
"owcbrnut","nh4f_mdl",-0.00607888471127557,-0.0224176301484336,0.0102598607258824,0.466793262661072,0.9939,-0.609999999999999,-2.22,1.03
"owcdrnut","nh4f_mdl",0.0105851599787516,-0.0197697162803605,0.0409400362378636,0.495460114443152,1.0106,1.05999999999999,-1.96,4.18000000000001
"owcolnut","nh4f_mdl",-0.0556763051170748,-0.0818264409817057,-0.029526169252444,4.57582668753691e-05,0.9458,-5.42,-7.86,-2.91
"owcwmnut","nh4f_mdl",-0.0661606487985291,-0.0917819122842607,-0.0405393853127975,9.57389341386038e-07,0.936,-6.4,-8.77,-3.97
"pdbbpnut","nh4f_mdl",-0.0178077217106099,-0.0317852402415197,-0.00383020317970004,0.0133483669261776,0.9823,-1.77,-3.13,-0.380000000000003
"pdbbynut","nh4f_mdl",-0.020952410360759,-0.0346182340787675,-0.00728658664275061,0.00301103685280903,0.9793,-2.07000000000001,-3.4,-0.729999999999997
"pdbgsnut","nh4f_mdl",-0.0216158945565589,-0.0418499003146373,-0.00138188879848045,0.0376895155899027,0.9786,-2.14,-4.1,-0.139999999999996
"rkbfbnut","nh4f_mdl",0.0427415831321981,0.0115638749405132,0.073919291323883,0.00788834147315923,1.0437,4.37000000000001,1.16000000000001,7.67
"rkbfunut","nh4f_mdl",0.0496644007178936,0.0251157636282054,0.0742130378075817,0.000104251911871897,1.0509,5.08999999999999,2.54000000000001,7.7
"rkblhnut","nh4f_mdl",0.0263560077524811,-0.0017809466376693,0.0544929621426315,0.0679679847733157,1.0267,2.66999999999999,-0.180000000000002,5.6
"rkbmbnut","nh4f_mdl",0.0275365155257317,-0.00114321576748751,0.0562162468189509,0.06141481084222,1.0279,2.79,-0.109999999999999,5.78000000000001
"sapcanut","nh4f_mdl",-0.0489699041289501,-0.0698159636045224,-0.0281238446533779,8.45055937136287e-06,0.9522,-4.78,-6.74,-2.76999999999999
"sapdcnut","nh4f_mdl",-0.049487018508943,-0.0711066299144038,-0.0278674071034823,1.39505807723823e-05,0.9517,-4.83,-6.86,-2.75
"saphdnut","nh4f_mdl",-0.0621235337067416,-0.0796733781128065,-0.0445736893006767,6.70060241008487e-11,0.9398,-6.02,-7.66,-4.36
"sapldnut","nh4f_mdl",-0.0433512423230098,-0.0603802271492204,-0.0263222574967991,1.39233485234731e-06,0.9576,-4.24,-5.86,-2.6
"sfbccnut","nh4f_mdl",0.0694495355963266,0.0384729383294738,0.100426132863179,2.05248485718516e-05,1.0719,7.19000000000001,3.91999999999999,10.56
"sfbfmnut","nh4f_mdl",0.0174175407172962,-0.00536031529539491,0.0401953967299872,0.136334278958492,1.0176,1.76000000000001,-0.529999999999997,4.09999999999999
"sfbgcnut","nh4f_mdl",0.0123245127070385,-0.0164626985714105,0.0411117239854874,0.40268669867444,1.0124,1.24,-1.63,4.2
"sfbsmnut","nh4f_mdl",0.0295344512762471,0.00476225923246052,0.0543066433200336,0.0208956188942486,1.03,3,0.479999999999992,5.58000000000001
"soschnut","nh4f_mdl",-0.0108140538117868,-0.0313271745117626,0.009699066888189,0.303238655851378,0.9892,-1.08,-3.08,0.970000000000004
"sosvanut","nh4f_mdl",-0.00413316217880428,-0.0214941327611298,0.0132278084035212,0.641493110384905,0.9959,-0.409999999999999,-2.13,1.33000000000001
"soswinut","nh4f_mdl",0.00719046614654759,-0.0110181740604173,0.0253991063535125,0.440235825929385,1.0072,0.72000000000001,-1.1,2.57000000000001
"tjrbrnut","nh4f_mdl",0.0523984829034636,0.0114980774823582,0.093298888324569,0.0128837690518749,1.0538,5.38000000000001,1.16000000000001,9.78000000000001
"tjrosnut","nh4f_mdl",0.0100839476189953,-0.0283609568441818,0.0485288520821723,0.60774450974707,1.0101,1.01,-2.8,4.97000000000001
"tjrprnut","nh4f_mdl",0.0723277575611015,0.0354506818965431,0.10920483322566,0.000198994997635785,1.075,7.5,3.61,11.54
"tjrsbnut","nh4f_mdl",0.0190023267134519,-0.00900892681578218,0.047013580242686,0.18558876082036,1.0192,1.92000000000001,-0.900000000000001,4.81
"welhtnut","nh4f_mdl",-0.0633889714087479,-0.0936345996879242,-0.0331433431295717,6.75220929494823e-05,0.9386,-6.14,-8.94,-3.26
"welinnut","nh4f_mdl",-0.111714861454098,-0.136384139227181,-0.0870455836810159,5.10115255321033e-16,0.8943,-10.57,-12.75,-8.34
"wellmnut","nh4f_mdl",-0.0334180807743592,-0.0702204406368917,0.00338427908817333,0.0774761370508481,0.9671,-3.29,-6.78,0.340000000000007
"welsmnut","nh4f_mdl",-0.0163127782655382,-0.0491647033247334,0.016539146793657,0.332322892092824,0.9838,-1.62,-4.8,1.66999999999999
"wkbfrnut","nh4f_mdl",-0.0134367153180673,-0.043401917437216,0.0165284868010815,0.380565354121491,0.9867,-1.33,-4.25,1.66999999999999
"wkbmbnut","nh4f_mdl",-0.0325966512800315,-0.0653833268312453,0.000190024271182289,0.0527999844370988,0.9679,-3.21,-6.33,0.0199999999999978
"wkbmrnut","nh4f_mdl",-0.0281140632653936,-0.0584879632530888,0.00225983672230168,0.0712432859880077,0.9723,-2.76999999999999,-5.68,0.229999999999997
"wkbwbnut","nh4f_mdl",-0.0349559490099227,-0.0660963802854069,-0.00381551773443854,0.0290124585949896,0.9656,-3.44,-6.4,-0.380000000000003
"wqbcrnut","nh4f_mdl",-0.025592478923325,-0.0546921058247097,0.00350714797805975,0.0867004954351876,0.9747,-2.53,-5.32,0.350000000000006
"wqbmhnut","nh4f_mdl",-0.0151006855624858,-0.042228639854192,0.0120272687292204,0.276849668371643,0.985,-1.5,-4.13,1.21
"wqbmpnut","nh4f_mdl",-0.0142243844123953,-0.0472181963853846,0.018769427560594,0.3996835897711,0.9859,-1.41,-4.61,1.88999999999999
"wqbslnut","nh4f_mdl",-0.0282958878666489,-0.0621584200116299,0.00556664427833213,0.103940206110875,0.9721,-2.79,-6.03,0.560000000000005
"acefcnut","po4f_mdl",-0.0208673308923088,-0.0302390522747656,-0.011495609509852,1.9443990054047e-05,0.9793,-2.07000000000001,-2.98,-1.14
"acemcnut","po4f_mdl",-0.0205224650929197,-0.0297909115357211,-0.0112540186501183,2.15380399176605e-05,0.9797,-2.03,-2.94,-1.12
"acespnut","po4f_mdl",-0.0333409669839081,-0.044643983460044,-0.0220379505077723,2.40841969315109e-08,0.9672,-3.28000000000001,-4.37,-2.18
"apacpnut","po4f_mdl",0.00229244373360804,-0.0199745664658412,0.0245594539330573,0.840270592890125,1.0023,0.229999999999997,-1.98,2.48999999999999
"apadbnut","po4f_mdl",0.0227545786337,0.00182672253547685,0.0436824347319231,0.0342005154877356,1.023,2.29999999999999,0.180000000000002,4.47
"apaebnut","po4f_mdl",0.00593505198778603,-0.0192957813901441,0.0311658853657162,0.645221258313794,1.006,0.600000000000001,-1.91,3.17000000000001
"apaesnut","po4f_mdl",-0.00054545336748656,-0.0260508476233915,0.0249599408884184,0.966604066792562,0.9995,-0.0499999999999945,-2.56999999999999,2.53000000000001
"cbmipnut","po4f_mdl",-0.0835034018039653,-0.100884634737484,-0.0661221688704462,9.80360950194592e-18,0.9199,-8.00999999999999,-9.6,-6.4
"cbmmcnut","po4f_mdl",0.014206929217155,0.00545766362531316,0.0229561948089969,0.00172563610043823,1.0143,1.43,0.550000000000006,2.32000000000001
"cbmocnut","po4f_mdl",-0.0340356704212166,-0.0448240004824357,-0.0232473403599976,4.10909049030783e-09,0.9665,-3.35,-4.38,-2.3
"cbmrrnut","po4f_mdl",-0.0330133989956532,-0.0418347191799068,-0.0241920788113997,5.02882243622994e-12,0.9675,-3.25,-4.1,-2.39
"cbvcbnut","po4f_mdl",0.0261317191953145,0.00857783283798811,0.0436856055526409,0.00390169919628677,1.0265,2.65,0.859999999999994,4.47
"cbvginut","po4f_mdl",0.0596093836673968,0.0400540858567252,0.0791646814780685,8.77199923334477e-09,1.0614,6.13999999999999,4.08999999999999,8.24
"cbvtcnut","po4f_mdl",0.020090527571623,0.00722394208873007,0.032957113054516,0.00248913953483042,1.0203,2.03,0.730000000000008,3.35000000000001
"delblnut","po4f_mdl",0.0232005001684077,0.00229277338526241,0.044108226951553,0.0306604526381038,1.0235,2.35000000000001,0.229999999999997,4.50999999999999
"deldsnut","po4f_mdl",0.0699645898053507,0.0479040784740959,0.0920251011366054,2.37847985983531e-09,1.0725,7.25,4.90999999999999,9.64
"delllnut","po4f_mdl",0.0162767189476076,-0.00201326923340716,0.0345667071286223,0.0824621863897062,1.0164,1.64,-0.2,3.51999999999999
"delslnut","po4f_mdl",0.00338759765051093,-0.0124602483001254,0.0192354436011473,0.675629661464787,1.0034,0.340000000000007,-1.24,1.94000000000001
"elkapnut","po4f_mdl",-0.0248692599831752,-0.0375509615014408,-0.0121875584649095,0.000157217637279443,0.9754,-2.46,-3.69,-1.21
"elknmnut","po4f_mdl",-0.00683260429475198,-0.0177104501551564,0.00404524156565241,0.219560213965737,0.9932,-0.680000000000003,-1.75999999999999,0.409999999999999
"elksmnut","po4f_mdl",-0.0260614663506793,-0.0351152582205162,-0.0170076744808423,4.92245651607635e-08,0.9743,-2.56999999999999,-3.45,-1.69
"elkvmnut","po4f_mdl",-0.0305187521509516,-0.0417555243653182,-0.019281979936585,2.53085566640778e-07,0.9699,-3.01,-4.09000000000001,-1.91
"gndbcnut","po4f_mdl",-0.0496159911235895,-0.0684773576279504,-0.0307546246192285,6.46617248117866e-07,0.9516,-4.84,-6.62,-3.03
"gndbhnut","po4f_mdl",-0.0523118771454336,-0.0681467242649684,-0.0364770300258989,8.87789463615399e-10,0.949,-5.1,-6.59,-3.58000000000001
"gndblnut","po4f_mdl",-0.066863717091974,-0.102555910738509,-0.0311715234454389,0.000315938176364357,0.9353,-6.47,-9.75,-3.06999999999999
"gndpcnut","po4f_mdl",-0.0240074576039604,-0.0493356799368215,0.0013207647289008,0.0649197609406977,0.9763,-2.37000000000001,-4.81,0.130000000000008
"grbgbnut","po4f_mdl",-0.00325271647138997,-0.0201825740466251,0.0136771411038451,0.706984326968082,0.9968,-0.319999999999998,-2,1.38
"grblrnut","po4f_mdl",0.0566892697406538,0.0347005176359722,0.0786780218453353,1.1476119040026e-06,1.0583,5.83,3.53000000000001,8.19000000000001
"grbornut","po4f_mdl",0.0299248415274565,0.0135862602901033,0.0462634227648097,0.000450875758985687,1.0304,3.04,1.37,4.74000000000001
"grbsqnut","po4f_mdl",0.0124508240326111,0.000535676651693838,0.0243659714135283,0.0421876687143231,1.0125,1.25,0.0499999999999945,2.46999999999999
"gtmfmnut","po4f_mdl",0.00309372626011344,-0.00891143795927442,0.0150988904795013,0.613963192459626,1.0031,0.31000000000001,-0.890000000000002,1.52000000000001
"gtmpcnut","po4f_mdl",0.0202262161305868,0.00974678720192574,0.0307056450592479,0.000196803881950305,1.0204,2.04,0.980000000000003,3.11999999999999
"gtmpinut","po4f_mdl",0.0325486853053139,0.020206277991365,0.0448910926192629,4.98710352882406e-07,1.0331,3.30999999999999,2.04,4.59000000000001
"gtmssnut","po4f_mdl",0.0146880668137762,0.00094701451332586,0.0284291191142265,0.0372154026685733,1.0148,1.47999999999999,0.0899999999999901,2.87999999999999
"hudtnnut","po4f_mdl",0.0144747516214643,0.000482735667857408,0.0284667675750713,0.0442705817265588,1.0146,1.45999999999999,0.0499999999999945,2.88999999999999
"hudtsnut","po4f_mdl",0.0200683787926241,0.00245831036940631,0.0376784472158419,0.0269281894241222,1.0203,2.03,0.249999999999995,3.84
"jacb6nut","po4f_mdl",-0.0300179283657473,-0.0479543082643256,-0.012081548467169,0.00127837058589541,0.9704,-2.96,-4.68,-1.2
"jacb9nut","po4f_mdl",-0.0424711846618984,-0.0628733566601272,-0.0220690126636695,7.16195065605595e-05,0.9584,-4.16,-6.09,-2.18
"jacbanut","po4f_mdl",-0.0391032840380328,-0.0618442688333372,-0.0163622992427284,0.000941438891559881,0.9617,-3.83,-6.00000000000001,-1.62
"jacnenut","po4f_mdl",-0.0363231643105163,-0.0602892553139153,-0.0123570733071172,0.00344487008123246,0.9643,-3.57,-5.85,-1.23
"job09nut","po4f_mdl",-0.13782905822253,-0.172159576783564,-0.103498539661497,3.43802494828855e-13,0.8712,-12.88,-15.82,-9.83000000000001
"job10nut","po4f_mdl",-0.103522490306997,-0.137926405990268,-0.0691185746237254,1.80149641103832e-08,0.9017,-9.83000000000001,-12.88,-6.68
"job19nut","po4f_mdl",-0.132735671744924,-0.164727523641333,-0.100743819848515,6.49817874917436e-14,0.8757,-12.43,-15.19,-9.58
"job20nut","po4f_mdl",-0.108915275919448,-0.142782378291558,-0.0750481735473388,2.16335943790567e-09,0.8968,-10.32,-13.31,-7.23
"kachdnut","po4f_mdl",-0.00589443593898242,-0.0194325165446587,0.00764364466669391,0.394535494941236,0.9941,-0.590000000000002,-1.92,0.770000000000004
"kacsdnut","po4f_mdl",-0.00793771368055415,-0.0160380772608556,0.000162649899747314,0.0561855622418852,0.9921,-0.790000000000002,-1.59,0.0199999999999978
"kacssnut","po4f_mdl",-0.0051238279490182,-0.0172050957168115,0.00695743981877508,0.406803860662033,0.9949,-0.509999999999999,-1.71,0.69999999999999
"lksbanut","po4f_mdl",0.0220797841872074,-0.0824592615614766,0.126618829935891,0.681005663063287,1.0223,2.23,-7.92000000000001,13.5
"lksblnut","po4f_mdl",0.0634989627875131,-0.0343391001659718,0.161337025740998,0.211031436039344,1.0656,6.56000000000001,-3.38000000000001,17.51
"lksolnut","po4f_mdl",0.0278852717671648,-0.0841344186646535,0.139904962198983,0.628597739273133,1.0283,2.83,-8.07,15.02
"marabnut","po4f_mdl",0.130367994166838,0.0924335763228177,0.168302412010858,1.16309568751204e-09,1.1392,13.92,9.68,18.33
"marcenut","po4f_mdl",0.0737618469856418,0.0470907873914219,0.100432906579862,4.26250639486303e-07,1.0766,7.66,4.82,10.56
"marcwnut","po4f_mdl",0.0490710201714494,0.0126247733200823,0.0855172670228165,0.00966326407728251,1.0503,5.03,1.26999999999999,8.92999999999999
"marmbnut","po4f_mdl",0.0663575104449926,0.0354292848747581,0.097285736015227,5.83751371779942e-05,1.0686,6.86,3.61,10.22
"marscnut","po4f_mdl",0.176840044318115,0.133288950316545,0.220391138319685,2.98865645220279e-12,1.1934,19.34,14.26,24.66
"narncnut","po4f_mdl",-0.0106986725588942,-0.029737812365038,0.00834046724724959,0.272664310107978,0.9894,-1.06000000000001,-2.93,0.839999999999996
"narpcnut","po4f_mdl",-0.0334770132131428,-0.0530506616314851,-0.0139033647948004,0.00100759855066007,0.9671,-3.29,-5.17,-1.38
"nartbnut","po4f_mdl",-0.0386890364137739,-0.0544657399942928,-0.0229123328332551,3.65577124062211e-06,0.962,-3.8,-5.3,-2.27000000000001
"nartsnut","po4f_mdl",-0.0397737905989037,-0.0578919231325816,-0.0216556580652257,3.00975235695298e-05,0.961,-3.9,-5.62,-2.14
"niwcbnut","po4f_mdl",0.00447567288834276,-0.00368463165024039,0.0126359774269259,0.28349526551682,1.0045,0.449999999999995,-0.370000000000004,1.26999999999999
"niwdcnut","po4f_mdl",0.00599729040432571,-0.000834346453086385,0.0128289272617378,0.0867350881500842,1.006,0.600000000000001,-0.0800000000000023,1.28999999999999
"niwolnut","po4f_mdl",0.0155818148937851,0.00841433979171411,0.0227492899958561,2.95047594258101e-05,1.0157,1.57,0.839999999999996,2.29999999999999
"niwtanut","po4f_mdl",0.00413584059648688,-0.00880519850936624,0.01707687970234,0.531675025401589,1.0041,0.409999999999999,-0.880000000000003,1.72000000000001
"nocecnut","po4f_mdl",-0.00821901924185721,-0.0271211664988814,0.010683128015167,0.395048989662687,0.9918,-0.819999999999999,-2.68,1.06999999999999
"noclcnut","po4f_mdl",-0.0486312509447225,-0.0702932306942086,-0.0269692711952363,1.68932442877455e-05,0.9525,-4.75,-6.79,-2.66
"nocrcnut","po4f_mdl",-0.0438546897015893,-0.0699189197685348,-0.0177904596346438,0.00115464025309292,0.9571,-4.29,-6.75,-1.75999999999999
"noczbnut","po4f_mdl",-0.00960074192126468,-0.028849585394888,0.00964810155235865,0.329414549137915,0.9904,-0.960000000000005,-2.84,0.970000000000004
"owcbrnut","po4f_mdl",0.0133741097884582,-0.00233435420175729,0.0290825737786736,0.0968498254070003,1.0135,1.35000000000001,-0.229999999999997,2.95000000000001
"owcdrnut","po4f_mdl",0.0217284288621659,-0.011240118687708,0.0546969764120398,0.198611170482462,1.022,2.2,-1.12,5.62
"owcolnut","po4f_mdl",-0.0340131559505138,-0.055930955935443,-0.0120953559655846,0.00268969024374861,0.9666,-3.34,-5.44,-1.2
"owcwmnut","po4f_mdl",-0.0368361897395915,-0.0570634094201431,-0.0166089700590399,0.000450683998944856,0.9638,-3.62,-5.55,-1.65
"pdbbpnut","po4f_mdl",-0.00879065314226207,-0.0145803530403215,-0.00300095324420267,0.00328769702357631,0.9912,-0.880000000000003,-1.45,-0.3
"pdbbynut","po4f_mdl",-0.00201726633795138,-0.00595561826072531,0.00192108558482255,0.316701446629521,0.998,-0.2,-0.590000000000002,0.190000000000001
"pdbgsnut","po4f_mdl",-0.0132567983509022,-0.0259817394542677,-0.000531857247536734,0.0426296048583778,0.9868,-1.32,-2.56,-0.0499999999999945
"rkbfbnut","po4f_mdl",0.0281222585842892,0.0137542369299512,0.0424902802386273,0.000160813145254205,1.0285,2.85,1.38,4.34000000000001
"rkbfunut","po4f_mdl",0.0410142486450928,0.0268513168621631,0.0551771804280224,4.0110471081828e-08,1.0419,4.19,2.71999999999999,5.67
"rkblhnut","po4f_mdl",0.0214914673355264,0.00643332196372716,0.0365496127073257,0.00557248593611592,1.0217,2.17000000000001,0.649999999999995,3.71999999999999
"rkbmbnut","po4f_mdl",0.0147604031529082,0.00474768629331665,0.0247731200124997,0.00422023723892255,1.0149,1.48999999999999,0.479999999999992,2.50999999999999
"sapcanut","po4f_mdl",-0.0475301918679255,-0.0652532332418456,-0.0298071504940053,4.42353103736853e-07,0.9536,-4.64,-6.32,-2.94
"sapdcnut","po4f_mdl",-0.0167629387547744,-0.0361106194359812,0.00258474192643238,0.0913374100785967,0.9834,-1.65999999999999,-3.55,0.259999999999994
"saphdnut","po4f_mdl",-0.0492605619596633,-0.0612165195606938,-0.0373046043586327,6.84143333175986e-14,0.9519,-4.81,-5.94,-3.66
"sapldnut","po4f_mdl",-0.047317769266954,-0.0613090314323153,-0.0333265071015927,3.11044860067467e-10,0.9538,-4.62,-5.95,-3.28000000000001
"sfbccnut","po4f_mdl",0.00363168714758505,-0.00456235858977887,0.011825732884949,0.387329235226349,1.0036,0.360000000000005,-0.460000000000005,1.19
"sfbfmnut","po4f_mdl",-0.0143439963824352,-0.0361318463975638,0.00744385363269335,0.20118861155565,0.9858,-1.42,-3.55,0.750000000000006
"sfbgcnut","po4f_mdl",0.0192237506811532,0.00379619689485007,0.0346513044674563,0.0165331418797557,1.0194,1.94000000000001,0.380000000000003,3.53000000000001
"sfbsmnut","po4f_mdl",-0.0069142258217482,-0.0240525623888626,0.0102241107453662,0.431733215699394,0.9931,-0.690000000000002,-2.38,1.03
"soschnut","po4f_mdl",-0.00615084124015557,-0.0148182356649143,0.00251655318460319,0.16643994377041,0.9939,-0.609999999999999,-1.47,0.249999999999995
"sosvanut","po4f_mdl",0.00115901069477463,-0.00696643534996314,0.0092844567395124,0.780219433162717,1.0012,0.120000000000009,-0.690000000000002,0.930000000000009
"soswinut","po4f_mdl",0.0532644436607749,0.0352085929921794,0.0713202943293704,4.51006728515639e-08,1.0547,5.47,3.58000000000001,7.39000000000001
"tjrbrnut","po4f_mdl",0.0375001652084892,0.0125915123120248,0.0624088181049535,0.00356993006409836,1.0382,3.82,1.26999999999999,6.44
"tjrosnut","po4f_mdl",0.0355837882202114,0.0162993260821216,0.0548682503583013,0.000375473192253899,1.0362,3.62,1.64,5.64
"tjrprnut","po4f_mdl",-0.0443905548161436,-0.0657465465052741,-0.023034563127013,8.50301040347419e-05,0.9566,-4.34,-6.36,-2.28
"tjrsbnut","po4f_mdl",-0.034463730745429,-0.0473575188051124,-0.0215699426857456,4.93192741272324e-07,0.9661,-3.39,-4.63,-2.13
"welhtnut","po4f_mdl",-0.0113645991967767,-0.0310990919197384,0.00836989352618507,0.260930169649458,0.9887,-1.13,-3.06,0.839999999999996
"welinnut","po4f_mdl",-0.0167858795764382,-0.0373630501608578,0.00379129100798148,0.11149225864116,0.9834,-1.65999999999999,-3.67,0.380000000000003
"wellmnut","po4f_mdl",-0.00202477169072244,-0.0341447202272901,0.0300951768458452,0.901846452243989,0.998,-0.2,-3.36,3.06
"welsmnut","po4f_mdl",0.000723681115972708,-0.0227118610840025,0.0241592233159479,0.951832440621412,1.0007,0.0699999999999923,-2.25,2.45
"wkbfrnut","po4f_mdl",-0.0359832767129082,-0.0572212959760396,-0.0147452574497768,0.00105784318220992,0.9647,-3.53,-5.56,-1.45999999999999
"wkbmbnut","po4f_mdl",-0.0416204598836287,-0.0619350348645751,-0.0213058849026822,8.24262075924502e-05,0.9592,-4.07999999999999,-6.01,-2.11
"wkbmrnut","po4f_mdl",-0.0393597682538721,-0.060679212996466,-0.0180403235112783,0.000370931714214706,0.9614,-3.86,-5.89,-1.79
"wkbwbnut","po4f_mdl",-0.0496100754615728,-0.0697692804251089,-0.0294508704980368,2.70238013425611e-06,0.9516,-4.84,-6.74,-2.9
"wqbcrnut","po4f_mdl",-0.0293119345035418,-0.0528943441448843,-0.00572952486219921,0.0159339287512049,0.9711,-2.89,-5.15,-0.570000000000004
"wqbmhnut","po4f_mdl",-1.6873454108037e-05,-0.0176595597120369,0.0176258128038209,0.998506538827954,1,0,-1.75,1.78
"wqbmpnut","po4f_mdl",-0.0523683058681908,-0.0816395855330486,-0.023097026203333,0.000621079665405435,0.949,-5.1,-7.84,-2.28
"wqbslnut","po4f_mdl",-0.0302611902756293,-0.0609366560053534,0.000414275454094795,0.0552883859421115,0.9702,-2.98,-5.91,0.0399999999999956
