"","domgl_trend","do_below2_trend","chla_trend","chla_trend_asPredictor","chla_median.log10","chla_seasAmp","dailyPAR_median","dailyPAR_trend","domgl_seasAmp","latitude","nh4_median.log10","nh4f_trend","no23_median.log10","no23f_trend","po4_median.log10","po4f_trend","precp_trend","spcond_median","spcond_trend","temp_median","temp_seasAmp","temp_trend","totprcp_total","turb_median.log10","turb_trend","wspd_median","chla_seasAmp_trend","domgl_seasAmp_trend","temp_seasAmp_trend","pctDev.log10"
"acefc",-0.0234870270848309,0.000631719429136461,-0.00187565657003872,-0.00187565657003872,0.907357608131173,1.9190541776935,34039.2,284.476053417268,1.00829040456075,32.63593,-1.27984069659404,0.0202719361220504,-1.39308147405171,-0.00205193876203091,-1.13906337929991,-0.00902725788184837,0.0879170554420977,11.1025,-0.0855051762472374,21.25,0.935802360313336,0.0586799685678791,68.65,1.44717354158246,-0.328707340975866,0.9,-0.0682279681474403,-0.00507239528763913,-0.0045036573359108,0.130984144379251
"acemc",-0.0132560111630063,-0.00491342384827659,-0.00926128964262373,-0.00926128964262373,0.876967967432585,1.70203815698563,34039.2,284.476053417268,0.886466277533978,32.5558,-1.34775365899668,-0.00326020623555102,-1.43179827593301,-0.00282994029649511,-1.25987426303427,-0.00907032753911851,0.0879170554420977,28.31,-0.118491753165879,21.6,0.919014483130795,0.0634470030554601,68.65,1.38022933693804,-0.20093316596869,0.9,-0.0139816213146652,-0.00132660983879213,-0.00653185302766384,0.404046434444934
"acesp",-0.00827376933864588,0.0324332972966062,0.000966210307095934,0.000966210307095934,0.605843539058089,1.43820568106851,34039.2,284.476053417268,0.686274509803921,32.528,-1.27245874297144,0.00254631288596539,-1.75080164260889,-0.00546289199056525,-1.40340290437354,-0.014895132081182,0.0879170554420977,45.1475,-0.0772289233084387,21.9,0.882636655948553,0.0497676080824525,68.65,1.23047446736116,-0.445204555341168,0.9,-0.0492274750410907,-0.00421420928251381,-0.00420548420111438,0.404046434444934
"apacp",0.00817186475109645,-0.00868478151232415,0.0260497009082736,0.0260497009082736,0.792461731346951,1.57460574201375,36498.8,238.941983530061,0.554502369668247,29.7021,-1.60205999132796,-0.0333157613518589,-1.36321131096563,-0.0259613720359443,-2.39794000867204,-0.00834756255214166,-0.00957249479067296,35.31,0.0305149222385295,23.75,0.732954545454546,0.0441043528330766,96.3,0.903144270409538,0.0365906315570604,2.6,-0.0581655666140103,-0.0144456266692067,-0.00498732621677489,0.764767517737613
"apadb",-0.0125431042923608,0.0122394499909258,0.02436967378541,0.02436967378541,0.903144270409538,1.339264051759,36498.8,238.941983530061,0.574686431014823,29.6747,-1.82390874094432,-0.0298078347479289,-1.39794000867204,-0.0271750666241303,-2.52287874528034,0.000705879926893115,-0.00957249479067296,33.7625,-0.0882231630642995,23.7,0.729874776386404,0.0342141329867879,96.3,1.00004342727686,-0.0118338744936447,2.6,-0.00616596173490814,-0.00262428081785922,-0.00324871125696171,0.33271505480033
"apaeb",-0.0517102183073051,0.0324455638083446,0.00744237248448763,0.00744237248448763,1.0909982977532,1.64549561520064,36498.8,238.941983530061,0.847210329828407,29.7858,-1.52287874528034,-0.00755850550594165,-1.60205999132796,-0.0171341967056066,-2.52287874528034,-0.0101417526549427,-0.00957249479067296,14.5325,-0.0289566332055155,24.6,0.707426852641123,0.0433061963081152,96.3,1.11397675828985,-0.070639004928109,2.6,0.0410339510518386,0.0135183051595563,-0.00442673857320045,-0.112620536957932
"apaes",-0.0188389054317521,-0.0111987117887091,0.00550716886766651,0.00550716886766651,1.06710806905957,1.72010869565217,36498.8,238.941983530061,0.831304280397022,29.7858,-1.60205999132796,-0.0145066969566759,-1.58502665202918,-0.0132642975997961,-2.52287874528034,-0.0155292890137117,-0.00957249479067296,12.425,-0.0815300108389439,24.55,0.714577213260168,0.0481409244784495,96.3,0.903144270409538,0.0653941538576295,2.6,0.0198433970575654,-0.0012808646968593,-0.00467081771754626,-0.112620536957932
"cbmip",-0.0143868481126241,-0.00128639172522816,-0.0226444007192239,-0.0226444007192239,0.467756051244033,2.29298680373305,27231.4,514.424788395616,0.651512872954764,38.796,-1.26225092610844,-0.00294526892352936,-0.460547508450539,-0.015622914832977,-1.29756946355447,-0.0353005144380184,0.100059351917179,0.44,0.00343401044993638,16.2,1.17098871460161,0.0272125312306795,79.15,1.04143216468027,0.0718623131952595,1.35,-0.00527471308190924,-0.00167142666495208,0.00174559752574603,1.47641854864472
"cbmmc",0.0767460630039494,-0.0607829145876498,0.0128886219911037,0.0128886219911037,0.852540985769799,2.59358562606817,27231.4,514.424788395616,0.911764705882353,38.7433,-1.31578320486112,0.00281822441083386,-0.673664139071249,-0.0064925658059912,-1.78172714642855,0.00560715665114135,0.100059351917179,0.23,-0.000244880604471497,17.25,1.21626411948993,0.0354366520134031,79.15,1.25529663190434,0.5934535898869,1.35,0.120079560284053,-0.0254816010092923,0.00109630741197937,1.47641854864472
"cbmoc",-0.0338364017500789,0.00684818333395739,-0.00339329166636346,-0.00339329166636346,1.43792487963143,1.7705750252486,27231.4,514.424788395616,0.570660522273425,39.4507,-1.4089353929735,-0.00228227010529623,-0.247183568811729,-0.00634280985153604,-2.30390584000478,-0.00995477737083579,0.100059351917179,0.34,0.0270159652897329,20.4,1.20571503088986,0.0254713576169464,79.15,1.41499005128352,-0.768985433056118,1.35,-0.0195705230192526,0.0182023430738535,-0.000166010916795127,1.51933093540245
"cbmrr",-0.0314374902872999,-0.00359504942029514,-0.00828494703918843,-0.00828494703918843,0.924847632975537,2.80601563756598,27231.4,514.424788395616,0.792673706529775,38.7813,-1.2537551282798,-0.00756992732367274,-0.223662090379825,-0.0155884362734319,-1.75399409592397,-0.0140762496902596,0.100059351917179,0.35,0.00274230513781979,15.7,1.5279118217917,0.0533429083363585,79.15,1.30105170984523,0.088692515358272,1.35,0.0619397211704978,0.0031853957303701,0.000627195194001808,1.47641854864472
"cbvcb",-0.0282928570173446,-0.00527375993544434,0.0136254800528796,0.0136254800528796,0.93227077589949,2.13882792282242,30548.85,278.453703578513,0.767638758231421,37.346665,-1.5079383954874,-0.010862737453036,-1.83564714421556,0.009698863422079,-1.86646109162978,0.0104752983710968,0.0363835592528928,26.88,-0.0248274437512146,17.85,1.36,0.0528609857586261,84.6,1.07921743574657,-0.0247710874563652,0.9,0.0343401320435044,0.000530192361721562,-0.00455215422305988,0.70421106791366
"cbvgi",-0.0124815086910204,-0.00725959587347831,0.0043355430931526,0.0043355430931526,0.672190251188253,1.51897879997751,30548.85,278.453703578513,0.551351351351351,37.215796,-1.47755576649368,-0.016654747306973,-2.69897000433602,-0.0065645857151411,-2.15490195998574,0.0225629898762418,0.0363835592528928,31.645,-0.0274885215335277,17,1.38775510204082,0.0449549453886781,84.6,0.602168551378997,-0.0180033271439152,0.9,-0.0104331578191393,-0.00766020352401576,-0.0048918932909278,0.8187020031223
"cbvtc",-0.0277711971849514,-0.0093893128413976,0.00252991550756438,0.00252991550756438,1.03185263139563,3.00417371686407,30548.85,278.453703578513,0.802431610942249,37.414986,-1.32651830292665,0.0190275468197712,-1.36201021921531,0.0357121534224302,-1.50237935021871,0.00913115103400801,0.0363835592528928,18.66,-0.0452208750952292,17.6,1.43794579172611,0.0465706517697192,84.6,1.6020708485543,-0.617704445059447,0.9,0.0591594772574365,-0.00703010281774646,-0.00592423099550962,0.609014478288545
"delbl",0.0382620413290775,-0.015525568280097,0.0384549493569368,0.0384549493569368,1.44139660285437,2.51617808052548,30373.75,171.108948392191,0.846560846560847,39.38876,-1.34103515733556,0.00205342347151108,-0.413412695328245,-0.00731663865672075,-1.7851561519523,0.00838533974675747,0.0240318172943431,2.275,-0.000581059625601616,16.3,1.69534050179211,0.0315248106169028,91.5,1.59107574263968,-0.417348794651821,1.7,-0.047268300815362,-0.0111146746271974,0.00282565354399256,0.882640430380849
"delds",-0.0270087833781976,0.00298308281852917,0.0173082371524928,0.0173082371524928,1.44171084220957,2.29903427516887,30373.75,171.108948392191,1.1201588877855,39.1637,-1.16115090926274,0.00520837650545819,-0.651695136951839,0.00545027172794671,-1.76955107862173,0.0285266386020456,0.0240318172943431,0.18,-0.000729373748733475,16.4,1.50359712230216,0.0412161632854438,91.5,1.00004342727686,-0.196163479134936,1.7,0.0171675416744288,0.000597054919081939,0.00707596248742261,1.53514744126495
"delll",-0.0438224821328903,0.0214672837898333,0.0149685514164598,0.0149685514164598,1.23555369585276,2.77427095619636,30373.75,171.108948392191,1.11085714285714,39.1144,-0.96657624451305,0.0054070873542449,-0.0510982390297863,0.00474657921646856,-1.60205999132796,0.00650139021930365,0.0240318172943431,3.455,-0.0255277247741323,16.1,1.63371150729335,0.0441440762295407,91.5,1.51852710011734,-0.668184121717794,1.7,-0.0182697298626147,0.00806460318109922,-0.00067397760583112,1.48803493638915
"delsl",-0.0382500115273206,0.009038202973188,0.0186088180440853,0.0186088180440853,1.0496443525693,2.29649065267301,30373.75,171.108948392191,1.29764453961456,39.08498,-0.836838625022982,-0.00106854989701277,-0.218963061378868,0.000453998714653646,-1.35654732351381,0.000789472644034707,0.0240318172943431,16.2775,-0.0156064274164233,15.4,1.65723793677205,0.0493930160000892,91.5,1.56821346159708,-1.15355790028007,1.7,0.0138504780185437,-0.00832456045604139,-0.00212513879537119,1.48803493638915
"elkap",-0.072649584120458,0.0482691070998843,0.0215093954180401,0.0215093954180401,0.605412798153051,2.24803720497553,32026.25,446.890294217482,0.686453576864536,36.8457,-1.23136189875239,0.00282501473114952,-1.6615435063954,0.00511356141105029,-1.21324857785444,-0.0111418299040798,-0.0420060415510359,50.495,0.0438725498653916,16.8,0.563552833078101,0.0458665741904566,9.95,0.699056854547668,-0.117609529656653,1.8,-0.00158284677481869,0.0175488812150975,-0.000561656393763944,1.27590886115215
"elknm",0.0229596229032894,-0.0067526286712871,0.0160327859597407,0.0160327859597407,0.767452718097773,2.51640568877904,32026.25,446.890294217482,0.690208667736758,36.8346,-1.13727247168203,0.0145977459391235,-1.24756739073853,0.0125347103577475,-1.33724216831843,-0.00224439207786319,-0.0420060415510359,50.18,0.0602097021136592,17.2,0.57590597453477,0.0326050325209162,9.95,0.778223626766096,0.00537886954071794,1.8,-0.0806261458395494,-0.0345533770547664,0.000412121900030879,1.27590886115215
"elksm",0.0141947985848144,-0.0234366783387023,0.0134631010840153,0.0134631010840153,0.547282307963303,2.43653416942202,32026.25,446.890294217482,0.474418604651163,36.8179,-1.16640670600154,0.00772589451450821,-1.08144546944973,0.00414499480141007,-1.34361428094131,-0.0106532418870492,-0.0420060415510359,49.95,0.0668701605885083,16.2,0.537404580152672,0.0411903432811623,9.95,0.778223626766096,-0.116462128014111,1.8,-0.0329221308973137,-0.00226186919661473,0.000584828699432535,1.27590886115215
"elkvm",0.00675956045533543,0.000374188216314362,0.0191416372620421,0.0191416372620421,0.387567779417189,1.8955288455485,32026.25,446.890294217482,0.212048192771084,36.8111,-1.2177424263367,0.00990453995402088,-0.853871964321762,0.0121538766100336,-1.40949253799142,-0.0125760554586833,-0.0420060415510359,49.935,0.00884866269662944,13.9,0.302816901408451,0.0216350775894886,9.95,0.602168551378997,-0.117626454389871,1.8,0.0560069274259211,-0.0057435848566891,-0.000645627402073268,1.27590886115215
"gndbc",-0.025199870146582,-0.00184533668590998,0.0398829576144013,0.0398829576144013,0.868115205327217,2.19995639190698,36946.45,136.317728178011,0.730223123732252,30.3836,-1.93930215964639,-0.0420408412213691,-2.22184874961636,-0.0397037730571172,-2.30102999566398,-0.00760121082081242,0.0616024034787727,27.7675,-0.405491459194179,24,0.807174887892377,0.0221023757579061,112.5,0.903144270409538,-0.0668778222094509,3.7,-0.147717312547546,0.00148894433210431,0.00235299029954884,1.110376496191
"gndbh",-0.0158195694764258,0.0120140473963693,0.0360599213723123,0.0360599213723123,0.773859552376687,2.42839964633068,36946.45,136.317728178011,1.74358974358974,30.4178,-1.47495519296315,-0.0355282203955478,-2.18708664335714,-0.0301847724525627,-2.34678748622466,-0.0127171957227576,0.0616024034787727,29.005,-0.428971591265067,23.2,0.786525082387404,-0.000580307273293626,112.5,0.845160077651946,-0.0563398759804993,3.7,-0.081879412714355,0.0112752394923037,-0.000916495019686349,1.110376496191
"gndbl",-0.0031266777211862,-0.0030359354491166,0.0496182101208279,0.0496182101208279,0.821906377352323,2.23022215805268,36946.45,136.317728178011,0.611819235225956,30.3571,-2.22184874961636,-0.0563725710771837,-2.52287874528034,-0.0712846685812123,-2.1249387366083,-0.025023916328264,0.0616024034787727,33.43,-0.413775635919142,23.5,0.826661701731521,0.0228714773358089,112.5,1.00004342727686,-0.0634900542824221,3.7,-0.00418672474524888,-0.0070125540150991,0.00187269937093758,1.110376496191
"gndpc",0.00726763289037941,0.00513961751127669,0.039324486455689,0.039324486455689,0.831613855309099,1.97035922512695,36946.45,136.317728178011,0.486159730594936,30.3486,-2.22184874961636,-0.0673458870394833,-2.30102999566398,-0.0563822010915335,-2.25963731050576,0.0139079444275737,0.0616024034787727,35.96,-0.450788514123342,23.7,0.789256461490585,0.0581129748188603,112.5,1.07921743574657,-0.0201647195919288,3.7,-0.0662196260003553,-0.0114227282735916,-0.00411007713221329,1.110376496191
"grbgb",-0.0586295180400634,0.000114063064809145,0.00855436025700077,0.00855436025700077,0.669688708056208,2.00825563568929,27792.4,346.221903350446,0.418326693227092,43.0722,-1.57675412606319,-0.0135900976051763,-1.26760624017703,0.00822773182897593,-1.63208526120625,-0.00209438443505331,-0.0631479775771535,39.24,0.264126904994556,15.05,1.04468275245755,0.0385327602628874,86.5,0.602168551378997,-0.126005391558536,1.4,-0.0145451238288074,-0.0106049185597581,-0.00567099628456658,1.02162963699511
"grblr",-0.0657265872631825,0.00478252428541747,0.00414394917616869,0.00414394917616869,0.34222522936079,2.74802647534918,27792.4,346.221903350446,0.824966078697422,43.08,-1.39794000867204,0.0072388847214609,-0.962573502059376,0.00316604152472235,-2,0.0238248291914883,-0.0631479775771535,20.55,0.434567210316118,17.3,1.18910963944077,0.0708703630339908,86.5,0.699056854547668,-0.0637471598922606,1.4,-0.0124838756332527,0.0172928564834933,0.00129245792737059,0.823878849636812
"grbor",-0.0176259418340046,-0.00357958668505934,0.0274901116169229,0.0274901116169229,0.669409867287783,2.11683320522675,27792.4,346.221903350446,0.508320726172466,43.134,-1.23284413391782,0.00532573740393002,-0.956637721978871,-0.0162069276560953,-1.39794000867204,0.0125178625783086,-0.0631479775771535,35.06,0.364384072542034,16.3,1.07533234859675,0.0433197193812459,86.5,0.903144270409538,-0.0972952689544418,1.4,0.0132786023896879,-0.0126568373951242,0.00135616178224686,1.23486036859602
"grbsq",-0.0521945920014623,-0.00069552008139658,0.0035720518205524,0.0035720518205524,0.7451528950769,1.47682339259013,27792.4,346.221903350446,0.535714285714286,43.052403,-0.868060704789575,0.00276628463825918,-0.866461091629782,0.0049176734404344,-1.43179827593301,0.00493585999239098,-0.0631479775771535,31.26,0.3562637986402,16.65,1.11041009463722,0.0644526942052085,86.5,1.11397675828985,-0.288405347104311,1.4,-0.0114757545447346,-0.00612006457842363,-0.00213474656469777,1.11183032714628
"gtmfm",0.00561876557587765,0.0012100266383562,0.00994854586019117,0.00994854586019117,0.541079767776629,1.44692005242464,35600.2,208.395052261136,0.398467432950191,29.737041,-1.48148606012211,-0.0275681677645847,-2,-0.0152868937611563,-1.82390874094432,0.00125692634411096,0.0364758826004191,52.175,-0.077639524923811,24,0.590448625180897,0.0578486938534795,84.2,0.845160077651946,0.0509092199432094,2,-0.0196450184756595,-0.00192074942155789,-0.00120223037471496,1.3220287993043
"gtmpc",0.000976517578639431,-0.0132178267711589,0.00981427159909232,0.00981427159909232,0.83257277484618,1.94117647058824,35600.2,208.395052261136,0.709677419354839,29.667071,-1.48811663902113,-0.0224680287586256,-2.01099538430146,-0.00400765712628185,-1.46852108295774,0.00847813343561904,0.0364758826004191,26.04,-0.136261057876869,24.55,0.663912340578409,0.0526823558483937,84.2,0.929470016177489,0.0157469268050327,2,-0.00702511164511208,-0.00601037778721217,-0.00354644300590554,0.703615285837681
"gtmpi",-0.00943902765907863,-0.00822563120569805,0.00315860794953436,0.00315860794953436,0.676785030419205,1.71720613287905,35600.2,208.395052261136,0.667136812411848,30.050857,-1.39794000867204,-0.0222990723808828,-1.93930215964639,-0.00616519837904827,-1.61978875828839,0.0130996582986839,0.0364758826004191,44.0775,-0.450731170586735,24.3,0.660962992439316,0.0546543930964568,84.2,1.0212306584797,0.0887914190221426,2,0.000414788715035905,0.000954739129888063,-0.0031890144387926,1.20165205105795
"gtmss",0.00417702148113548,-0.0129415626221047,0.00857817433564398,0.00857817433564398,0.63103769653674,1.18918918918919,35600.2,208.395052261136,0.467229072031149,29.868851,-1.44369749923271,-0.0245552439139934,-1.76955107862173,9.5696075381998e-05,-1.75696195131371,0.00512719380435686,0.0364758826004191,51.6,-0.0779798283759587,24.1,0.612676056338028,0.0572850070957919,84.2,0.954290761701127,0.16523591020102,2,-0.00654882036988842,-0.000789592752687537,-0.00127982263088577,1.46645958484649
"hudtn",-0.0362893648290336,0.0581843122336301,-0.00920791994924586,-0.00920791994924586,0.477265995424853,2.43465545604094,21133,-145.283076009902,0.717391304347826,42.0365457,-1.44369749923271,0.00187274328971655,-0.465339424171556,NA,-1.96657624451305,0.00872965176148384,-0.101896701462229,0.24,0.00139997452708336,16.9,1.33333333333333,0.0375046037153238,78.1,1.04143216468027,-0.142642177955387,0.3,-0.083538224022553,0.00161876016944848,-0.00297859947821074,0.984991581083573
"hudts",-0.0242750584317992,0.0193956534450824,-0.0155806786678519,-0.0155806786678519,0.447313108823568,2.12843224092117,21133,-145.283076009902,0.711370262390671,42.0270378,-1.50863830616573,-0.00248375374123507,-0.496890563328631,NA,-1.95860731484178,0.0089859412556504,-0.101896701462229,0.24,0.00152858751103206,16.6,1.31157270029674,0.0309779663982646,78.1,0.954290761701127,-0.225732407197356,0.3,-0.0934014642319743,0.00695136364628897,0.00550751856389623,0.984991581083573
"jacb6",-0.0333440999618176,-0.00573203599618223,0.016210221003153,0.016210221003153,0.662380020016248,1.87350584480986,28897.3,-231.335926991993,0.488636363636364,39.5079,-1.78251605578609,-0.0100959833920455,-2.52287874528034,-0.0392646208444784,-1.61083391563547,-0.0112770011708529,0.0528512796199389,45.705,0.0444471835855847,15.7,1.34335038363171,0.0458767610433203,91.7,0.954290761701127,-0.0320130648559376,2.4,-0.00854431106873928,-0.00511970512923232,0.00798333554845255,0.867516265417049
"jacb9",-0.0126031623167801,-0.017055214446901,0.0140411019802824,0.0140411019802824,0.72476724564631,2.17872400329965,28897.3,-231.335926991993,0.565865658334318,39.4979417,-1.79588001734408,-0.0039196667273179,-2.04575749056068,-0.0340509492096446,-1.58838029403677,-0.0163436032294982,0.0528512796199389,43.63,0.0849467774110563,16.7,1.40373470701867,0.0360797048481024,91.7,0.845160077651946,-0.0957527339800809,2.4,-0.0381589828313356,-0.0020436325485824,0.00687967294553344,0.867516265417049
"jacba",-0.0377186961548132,-0.00384914151371331,0.0159391323036765,0.0159391323036765,0.414304688128332,3.24431564369574,28897.3,-231.335926991993,0.819345661450925,39.5937,-1.80966830182971,-0.0268287044982149,-0.913640169325252,-0.00450599324928364,-2.15490195998574,-0.0117237908603544,0.0528512796199389,2.99,0.0297129705939688,16.1,1.60780803084759,0.0235958919655578,91.7,1.11397675828985,-0.138061428699679,2.4,-0.0167006334077844,-0.00315118903104534,0.0123551629804241,0.817464819622338
"jacne",-0.0541472959430281,-0.00135340041866092,0.0159054642838538,0.0159054642838538,0.608846822326412,2.1367607214863,28897.3,-231.335926991993,0.857142857142857,39.5479,-1.38721614328026,-0.0180392531339597,-1.29242982390206,-0.00621516150379309,-1.72124639904717,-0.00744718520844254,0.0528512796199389,24.72,0.0256222670511406,15.5,1.69974874371859,0.0386803977593411,91.7,0.778223626766096,0.0288619103303444,2.4,-0.0119082255986343,-0.00816793932963551,0.00861357336414708,0.852835715709748
"job09",0.0602874892726571,-0.097487787679275,0.00975958718031547,0.00975958718031547,0.50392680419351,3.03494128482616,39128.95,437.130562217282,0.514925373134328,17.9430556,-1.20377268597056,-0.047579732087341,-2.51570016065321,0.0854519245848763,-2.34678748622466,-0.0645342145013489,-0.0411825573035749,56.01,0.00795917943135439,29.2,0.132712456344587,0.0179097201127928,53.2,0.301247088636211,-0.398345110912917,1.3,0.0168263187575725,-0.0201625240130196,-0.00193871703133655,1.27898676061006
"job10",0.00182479655430033,-0.00754212347103809,0.0179889078596547,0.0179889078596547,0.164650215934297,1.90949605759342,39128.95,437.130562217282,0.378549466449629,17.938611,-1.19859628998265,-0.0452699184210937,-2.25963731050576,0.0561717952168292,-2.60205999132796,-0.0792206109600438,-0.0411825573035749,55.5775,0.0699469988860063,29.3,0.146406953952349,0.000682449790204334,53.2,0.000434077479318593,-0.250009992256282,1.3,-0.00941762939721026,0.00158473775529238,0.000978871507905006,1.27898676061006
"job19",-0.0117918539426999,-0.0091026246802381,0.0138087018581271,0.0138087018581271,-0.243363891754152,1.32409698169223,39128.95,437.130562217282,0.126317757721294,17.942914,-1.36501919994877,-0.0599327905168316,-2.92081875395238,0.017930093275812,-2.60205999132796,-0.0904013448563478,-0.0411825573035749,54.265,0.0197262599689568,28.8,0.142032848204451,0.00022815843121155,53.2,0.000434077479318593,-0.0660234510280665,1.3,0.0456971869348604,-0.0142640631234459,0.000563373710855319,1.27898676061006
"job20",-0.0123148877465402,-0.00283097381374632,0.0237675129195234,0.0237675129195234,-0.486782399932061,1.74081237911025,39128.95,437.130562217282,0.199743918053777,17.930317,-1.32057210338788,-0.0595332118337575,-2.45593195564972,0.0454432258385969,-2.79588001734408,-0.0789342217485108,-0.0411825573035749,54.14,-0.00118997995539075,28.6,0.127621861152142,-0.00618374280966423,53.2,0.301247088636211,0.0165121664681043,1.3,-0.016477846808223,-0.00459729980702165,0.00129114857522578,1.27898676061006
"kachd",-0.0124950139484298,-0.0145955644689241,0.0292470231212939,0.0292470231212939,-0.0150228735845067,2.85025428517612,17821.9,47.5864003890155,0.283206117381386,59.60201,-1.66254073870934,0.0108213468236963,-0.940058111938045,-0.00592060266394074,-1.49894073778225,-0.00356971150751343,0.154492125410289,48.14,-0.0195250723346264,6.2,1.44351301481606,0.0373356410313852,33.25,0.301247088636211,-0.0236663255367053,3.6,-0.0496545032808213,-0.0101438911054774,-0.0211256526293721,0.440876840092286
"kacsd",-0.0693958358602482,0.00615846519437319,0.0141661176179817,0.0141661176179817,0.0534626049254552,3.1102985984156,17821.9,47.5864003890155,0.315789473684211,59.44099,-1.76955107862173,0.0212509727989895,-0.870310107800699,0.000862660408163971,-1.52287874528034,-0.00268517749946249,0.154492125410289,48.625,-0.0459039968014022,6.75,1.09765142150803,0.0605169527858386,33.25,0.000434077479318593,-0.0250155393256592,3.6,-0.037567224808272,0.00428801753099867,-0.0178956080578866,-0.0082861582089723
"kacss",-0.0813530904049514,-0.0046390401704044,0.0119986467597427,0.0119986467597427,0.161667412437736,3.44699777613047,17821.9,47.5864003890155,0.308713692946058,59.44099,-1.71783122169536,0.0169974015637718,-0.891434976267166,0.000970714655185293,-1.55752023093555,-0.00148288980900735,0.154492125410289,47.855,-0.0127429872499201,6.55,1.1500630517024,0.0521341863956215,33.25,0.000434077479318593,-0.0398364749284447,3.6,0.0113008944139885,-0.00118425692024262,-0.0164941132491895,-0.0082861582089723
"lksba",-0.0148742536243295,-0.0032018719881895,-0.00520713218184036,-0.00520713218184036,0.9912703891951,1.90824504567148,NA,NA,0.607594936708861,46.721772,-1.31425826139774,-0.0129515306203175,-0.561457651213889,0.00116338062603433,-2.09420411963213,0.00616601462274422,NA,0.195,-0.00236740356894203,15.4,1.39194139194139,0.0707573384491262,NA,0.903144270409538,-0.0775569936241607,NA,0.0250943962065025,-0.0178354574535631,-0.0219753206063025,1.10330783957177
"lksbl",-0.00366243131915037,NA,0.00775931062716424,0.00775931062716424,0.674034000431255,1.84875644411663,NA,NA,0.366218236173393,46.748649,-0.897909474488163,-0.017804176284233,-0.667157733005648,0.00351251024991409,-2.07058107428571,0.0336797686694322,NA,0.19,-0.000674177397969712,16.6,0.88617879869626,0.10574382824907,NA,0.903144270409538,0.0262517223197266,NA,0.0915533877349975,-0.0280962577177201,-0.00729042747981434,1.10330783957177
"lksol",-0.0363211167182227,NA,-0.00298720163813349,-0.00298720163813349,0.585573518622731,1.50340619792317,NA,NA,0.533112582781457,46.65685,-1.69357497244931,-0.0240472460436139,-1.14266750356873,0.00011547961221694,-2.09691001300806,0.00491433446670386,NA,0.19,0.00328212338585698,18.4,1.08024691358025,0.0443053834944168,NA,0.845160077651946,-0.124135632994625,NA,0.116429509320717,-0.00331794168875423,0.00315087807968162,0.783650722268141
"marab",-0.0175714907061831,-0.00409154648867841,0.0165465121596499,0.0165465121596499,0.748265572668741,1.68645125070177,38410.25,125.501235589853,0.452830188679245,27.9798,-2.38195190328791,0.0638791429835159,-2.85387196432176,0.0450942199210185,-1.73400362950492,0.0578070481929209,0.0745920341241532,45.39,-0.0252547319521604,24.3,0.720524017467249,0.0330818141008572,43.6,0.954290761701127,0.055417540019165,5.45,-0.0543678757938654,0.00287480425466651,-0.00145710877874632,0.728565043588424
"marce",-0.015326281448105,-0.00463705155351071,0.0173184297227609,0.0173184297227609,0.774589950264794,1.67198769018809,38410.25,125.501235589853,0.442104685122377,28.1323,-2.29242982390206,0.0413713975274191,-2.85387196432176,0.0644550306132001,-1.38090666937326,0.0350535311253123,0.0745920341241532,37.3475,0.195878978020338,25.1,0.733491019362341,0.0396025588469378,43.6,1.04143216468027,-0.280456124519955,5.45,0.0473256686413334,-0.00131473465944761,-0.00577214780296159,0.484183766337266
"marcw",-0.016900101651961,NA,0.0168578008814382,0.0168578008814382,0.785401024992388,1.81764518818228,38410.25,125.501235589853,0.452340128534601,28.0841,-2.39794000867204,0.0564082397878939,-2.85387196432176,0.0683814024435739,-1.37417328671429,0.0322461898753899,0.0745920341241532,32.82,0.523114353911871,24.2,0.741550882065646,0.0488111717522351,43.6,1.27877645795564,-0.933004222762488,5.45,0.00634705958781477,0.00151390219799914,-0.000518459076833894,0.633963222656306
"marmb",-0.00223753941339119,0.00501459320224177,0.0142227723824941,0.0142227723824941,0.788945727023748,1.78125,38410.25,125.501235589853,0.474860335195531,28.1384,-2.3767507096021,0.033037084226462,-2.74472749489669,0.0680434585735131,-1.61978875828839,0.0297914391448858,0.0745920341241532,40.85,-0.25907068424853,24.4,0.752136752136752,0.0367100672061011,43.6,1.23047446736116,-0.826994566373281,5.45,-0.02525290007115,-0.0033865963722706,-0.00601730438175236,0.444419629376615
"marsc",-0.0283526112625617,0.0142759466420928,0.015098884734858,0.015098884734858,0.612889769287485,1.56521739130435,38410.25,125.501235589853,0.408487566447268,27.8383,-2.30539480106643,0.0567324928866902,-2.73282827159699,0.0596731356426238,-2.09963287134353,0.07592376071624,0.0745920341241532,48.855,-0.0313769727386788,24.55,0.688799396901241,0.0620132157702914,43.6,0.845160077651946,0.193543968707386,5.45,-0.0215994605744333,0.00814391097002811,-0.00720332585194947,0.728565043588424
"narnc",-0.00249284845435218,0.0138041653193266,0.0265516894862758,0.0265516894862758,0.224274014294258,2.57693959358853,28042,361.3494554719,0.852272727272727,41.62485,-1.66756154008439,0.00781706516954619,-2.25963731050576,NA,-1.51570016065321,-0.00287468923820704,-0.0398162554275093,44.27,0.196999329022483,15.4,1.33133612941881,0.0384801747033031,80.2,0.301247088636211,-0.0148929103857685,3.2,0.0424230867769706,-0.0184537998658026,-0.000818356954728351,1.83982515708579
"narpc",-0.00259233564296602,-0.0208102773731959,0.0142642486517505,0.0142642486517505,0.40671045860979,2.3255367445501,28042,361.3494554719,0.7569573283859,41.64055,-1.79588001734408,NA,-2.30102999566398,NA,-1.57675412606319,-0.0129324404812308,-0.0398162554275093,45.22,0.0231577324966519,11.9,1.70562478949141,0.0557273848460157,80.2,0.000434077479318593,0.00266968520208034,3.2,0.0536492864676726,-0.00658549336653912,-0.00713574162470305,1.83982515708579
"nartb",-0.0317084245679131,-0.000502820606008231,0.0138366140951618,0.0138366140951618,0.273464272621346,2.19455545238973,28042,361.3494554719,0.632860040567951,41.578361,-1.88605664769316,-0.00980487796815038,-2.3767507096021,NA,-1.66054855869356,NA,-0.0398162554275093,47.405,0.0161550672006444,11.4,1.48363636363636,0.0802777151390712,80.2,0.000434077479318593,-0.023963292342007,3.2,0.0403592548271818,-0.00350151974566163,-0.00264306657273633,1.83982515708579
"narts",-0.0537863472085269,-0.000685278154864324,0.0146942778178084,0.0146942778178084,0.251881454552528,2.02870389716462,28042,361.3494554719,0.586510263929619,41.578361,-2.02227639471115,NA,-2.45593195564972,NA,-1.70443290003752,NA,-0.0398162554275093,46.73,0.0292578079362199,12.2,1.60432140445645,0.0630962248553224,80.2,0.000434077479318593,-0.0350910041667214,3.2,0.0287164891960163,0.000597003328223736,-0.00152306161433348,1.83982515708579
"niwcb",-0.00755774589631002,-0.0275645270995878,0.0174816137841342,0.0174816137841342,0.688953462637418,2.59406911511072,33419.3,359.930665966983,0.678391959798995,33.3338636,-1.29174911140862,0.0201578113574987,-2.09691001300806,0.00178125216000221,-1.84710040360625,0.00202218507127726,0.0243903547791374,51.85,-0.0832329075778286,20.8,0.91704127503065,0.0333353744078014,88.25,1.00004342727686,0.257323738872441,3.1,-0.0100345439354117,-0.00314164488150773,-0.00333972112215905,0.837645639646076
"niwdc",-0.00759993677232608,-0.0449593004491675,0.012747312334474,0.012747312334474,0.739493230781615,2.19627093966592,33419.3,359.930665966983,0.693823915900131,33.3601486,-1.32148162095989,0.0184643454409493,-2.14874165128092,0.00759263688859006,-1.86966623150499,0.00305482382321516,0.0243903547791374,51.25,-0.0852682215268016,21.05,0.918085319447226,0.0458872228447745,88.25,0.954290761701127,0.146463704940754,3.1,-0.00123698077647017,-0.00218221959588316,-0.00406640442172599,0.837645639646076
"niwol",-0.0147198159470358,0.00346655429196941,0.0149802939474384,0.0149802939474384,0.859678576628448,2.35010684390741,33419.3,359.930665966983,0.819672131147541,33.3493511,-1.27884915625032,0.0153724489156437,-2.16430942850757,0.00386218280478476,-1.79182747333288,0.00654329028242915,0.0243903547791374,51.785,-0.0786013735719956,21.4,0.924007256601492,0.0452660235216924,88.25,1.04143216468027,0.140821078135245,3.1,0.0243426475308065,-0.00394780561521788,-0.00416117398560563,0.837645639646076
"niwta",-0.0210584142946727,-0.0233669440362818,0.00898571920255873,0.00898571920255873,0.898505785534359,2.49823840288457,33419.3,359.930665966983,0.790243902439024,33.2991461,-1.01750263080229,0.00385574132358214,-0.862329462763245,0.0211132931725308,-1.43097741397044,0.00166802168909267,0.0243903547791374,11.63,-0.26741388500983,20.6,0.997878659312686,0.044928519525491,88.25,1.47713573096112,-0.756714080969906,3.1,0.026740316457915,-0.00512421245443724,-0.00310706445384335,0.833160521060548
"nocec",-0.0269210158690963,0.00976828067408774,0.034738713038343,0.034738713038343,0.853150436447843,2.03525566050804,35081.05,52.7791127846786,0.630423422394465,33.9399,-1.29929628285498,NA,-1.03621217265444,0.0192331880151038,-1.77469071827414,NA,0.00620206141652765,35.4275,-0.19379215314605,20.4,1.03377326765163,0.0454536785234654,80.45,1.00004342727686,0.180085324040313,2.1,-0.0537945879044965,-0.00201888988910411,-0.00266658743836673,0.86674362385401
"noclc",-0.0263934386045822,-0.00227715481248642,0.0268831249134743,0.0268831249134743,0.392872745402079,2.15512642290744,35081.05,52.7791127846786,0.47607934655776,34.1722,-1.43179827593301,NA,-2.95860731484178,NA,-2.39794000867204,NA,0.00620206141652765,50.585,0.124599647506523,20.6,0.9075420735508,0.0717472590486314,80.45,0.699056854547668,-0.0764360262606932,2.1,-0.00797946006681874,0.00185330945168518,-0.00398851752689175,1.71741839346094
"nocrc",-0.0230595825135754,0.00827436441436159,0.0191569298309065,0.0191569298309065,0.544192110765033,1.85833902939166,35081.05,52.7791127846786,0.588785046728972,34.156,-1.40782324260413,NA,-2.95860731484178,NA,-2.34678748622466,NA,0.00620206141652765,48.045,0.237674136569237,20.7,0.933056133056133,0.0589824533927449,80.45,0.778223626766096,-0.192176894852113,2.1,-0.0212267245855749,-0.00411860493619737,-0.00586063555379226,1.71741839346094
"noczb",-0.00720178113223308,0.00683731654972881,0.0379942506620938,0.0379942506620938,0.966657884201758,2.80021296295617,35081.05,52.7791127846786,0.873988439306358,33.9547,-1.26520017041115,-0.029557051118123,-1.17587416608345,0.0132409967266102,-1.5654310959658,-0.00386777410764975,0.00620206141652765,35.5,-0.127607873497833,20.75,0.975490196078431,0.0373791355295318,80.45,1.17612021105609,0.629209219728312,2.1,0.0021895907836066,-0.00708736960974164,-0.0030745383956114,0.86674362385401
"owcbr",-0.00998910513462839,-0.00730364016014777,NA,NA,0.248218561190075,2.1156409251274,24533.1,-3.95803855609442,0.701570680628272,41.348889,-1.50863830616573,-0.00355876183313595,0.361916618668643,NA,-1.63004239265395,0.00632490030793422,0.0402228001219821,0.65,-0.00524751026881249,14.9,1.2369701181376,0.0299507177446471,72.5,1.00004342727686,-1.47223493986855,1.6,-0.0225937631638099,-0.00915299885304864,-0.0104595227872894,0.674245475844095
"owcdr",-0.143303556228099,0.0722646362029202,0.0260362259043635,0.0260362259043635,0.565965817446667,3.29041789784719,24533.1,-3.95803855609442,1.49230769230769,41.365,-1.43179827593301,0.00552526226187199,0.294466226161593,NA,-1.76955107862173,0.00889550247482163,0.0402228001219821,0.63,-0.00705774831675038,15.7,1.25,0.006226571030125,72.5,1.23047446736116,0.141157768398679,1.6,-0.0634164796452777,0.0386783858733199,-0.00815724489863498,0.674245475844095
"owcol",-0.0681829259766867,0.0324265624668962,0.0269279361973449,0.0269279361973449,1.23957473708321,2.39717632104594,24533.1,-3.95803855609442,1.16756756756757,41.381667,-1.1249387366083,-0.022796057092875,0.0881360887005512,NA,-1.98927613460823,-0.0138921028868041,0.0402228001219821,0.5,-0.00657676748405374,16.8,1.31386861313869,0.00837738763970081,72.5,1.47713573096112,-1.73457525443963,1.6,-0.0355595259377867,0.0248645189820994,-0.00906191471103359,0.674245475844095
"owcwm",-0.0541103918922005,0.033352537621099,0.0230269133886162,0.0230269133886162,1.19175832137045,2.59561011739765,24533.1,-3.95803855609442,1.15985130111524,41.3825,-1.07572071393812,-0.0289662729874077,0.0257153839013406,NA,-2,-0.014603497805437,0.0402228001219821,0.48,-0.00610095180137457,16.7,1.3525641025641,0.00757149817397141,72.5,1.47713573096112,-2.50791458830587,1.6,-0.0900244554319185,0.015267195785259,0.00367754598238257,0.674245475844095
"pdbbp",0.00605089479510945,-0.0129670192006668,0.00806197881163718,0.00806197881163718,0.232996110392154,2.46955796497081,21178.875,200.272631559662,0.299287410926366,48.556322,-1.73400362950492,-0.00685464440999351,-0.909389292171593,-0.00992891698069172,-1.28316227670048,-0.00381804156791833,-0.0303032437267173,44.93,-0.0202076652340749,10.9,0.917197452229299,0.014770581834472,50,0.301247088636211,-0.0483001583990185,2.4,0.0324750699515187,0.000235120967906167,0.00376554135704535,1.27447572326547
"pdbby",-0.00681720793966027,-0.00587480477830742,0.00640376697897519,0.00640376697897519,0.280805928393667,2.45147262304803,21178.875,200.272631559662,0.304479114242577,48.496139,-1.776763726897,-0.00845225596346758,-0.683191247946978,-0.0130364359653655,-1.23567439437402,-0.000877086233466936,-0.0303032437267173,45.395,-0.0227168968257656,10.25,0.743321718931475,0.0172520185139964,50,0.301247088636211,-0.0237833626693453,2.4,0.0154315327895777,-0.000590000552212491,0.00630899840961852,1.27447572326547
"pdbgs",-0.0131118686352382,NA,0.00428657592507724,0.00428657592507724,0.251638220448212,3.15051203997102,21178.875,200.272631559662,0.311157674174961,48.5575,-1.88605664769316,-0.00805930081288589,-0.593800576336687,-0.00220871833924874,-1.24680008580058,-0.00575791853188983,-0.0303032437267173,45.54,-0.0391906720122203,10.65,0.624713399459006,0.0114765949089222,50,0.000434077479318593,0.0140577947539926,2.4,-0.00916964815392053,-0.000565606741242422,0.00536276139627365,1.27447572326547
"rkbfb",-0.000719572716625454,-0.00801621484385496,0.00868565578226035,0.00868565578226035,0.668012971641832,1.69014084507042,35313.9,-129.700423527604,0.58512107925801,25.8922,-1.55284196865778,0.016343549252129,-2.18708664335714,-0.0267258706302443,-1.83863199776503,0.0123282602512956,0.0423810823318414,45.98,0.00924875003170943,27.1,0.392318679574671,0.0432122322082121,75,0.903144270409538,-0.252781732754284,2.2,-0.00200740671890642,-0.000231904223165289,-0.000546218362919181,0.0162007359045506
"rkbfu",-0.027279507491931,0.00338547982973049,0.00410997573488142,0.00410997573488142,0.423409727733093,1.52824427480916,35313.9,-129.700423527604,0.617273207465395,25.9005,-1.48148606012211,0.0199428254274182,-1.75696195131371,-0.00374855475567691,-1.93930215964639,0.0178869316124575,0.0423810823318414,42.2375,-0.0577824277453532,26.95,0.409867172675522,0.0657428335270083,75,0.845160077651946,-0.0293842017043444,2.2,0.00026723221366867,0.00640001313817997,-0.00140024454380262,0.777026191014464
"rkblh",0.00346578748254039,-0.00863163700853385,0.00648761164806341,0.00648761164806341,0.607562243183588,2.02084476138234,35313.9,-129.700423527604,0.496261643494845,26.02749,-1.63827216398241,0.00625612662907313,-2.1249387366083,-0.0211964405487398,-2.04575749056068,0.00977517350004362,0.0423810823318414,50.53,-0.176990535590755,27.1,0.429594272076372,0.0535195448599287,75,0.903144270409538,-0.209816413611279,2.2,0.00981906865577971,-0.0027930195295077,-0.0015379540225985,1.34116697477746
"rkbmb",-0.014582671168652,0.0210566443419181,0.00291261285576801,0.00291261285576801,0.537944959291487,1.78723404255319,35313.9,-129.700423527604,0.834931181775036,25.9343,-1.39254497678533,0.0101187701243389,-1.79588001734408,-0.0251110343994052,-1.58502665202918,0.00646390267896006,0.0423810823318414,50.5925,-0.049006489840114,26.9,0.395773294908742,0.0456613212179421,75,1.00004342727686,-0.0940264745572149,2.2,0.0116188610566016,-0.0056399001543879,-0.000689625667802675,1.34116697477746
"sapca",0.0295399505518787,-0.0375473686283087,-0.00432542707196701,-0.00432542707196701,0.937568038600383,1.48788166805275,33420.4,384.7182056301,0.50178313253012,31.4437,-1.31184724440843,-0.0192875590317422,-2.30102999566398,0.0110146575754873,-1.21788585252093,-0.0206263127209588,-0.01210082462838,48.6475,-0.154252282258322,22.5,0.805226687960252,0.0547386651413473,63.6,1.20414712521285,0.528341460275561,3.5,-0.0366705836297387,-0.0198761309248058,-0.00410324322747263,0.0616563836657339
"sapdc",-0.0134540821611931,0.03870010141653,0.00848724687583326,0.00848724687583326,0.606488850442648,2.4064434335148,33420.4,384.7182056301,0.990808823529412,31.3896,-0.617982957425132,-0.0209788721602482,-1.7281583934635,8.81382028312058e-05,-0.635261444944601,-0.00728179911824263,-0.01210082462838,42.4,-0.191995277970626,22.6,0.824644549763033,0.0796332693911394,63.6,1.20414712521285,0.481712878535448,3.5,-0.0663035642299104,-0.0155010367618623,-0.00151323236098275,0.0616563836657339
"saphd",-0.0340283730345662,-0.0202741437324976,0.00525384524862983,0.00525384524862983,0.693199145153717,1.71914249972537,33420.4,384.7182056301,0.985074626865672,31.4786,-1.43651891460559,-0.022408712600291,-2.30102999566398,0.00122713235385059,-1.47625353318844,-0.0197580620630941,-0.01210082462838,40.02,-0.0893610782005672,22.8,0.834621329211746,0.0542575831042788,63.6,0.845160077651946,-0.249971703652643,3.5,-0.0804073188983344,-0.0156248514857848,-0.00636300449486606,0.0616563836657339
"sapld",-0.0192194081106255,-0.0222512651724162,0.00382404056025208,0.00382404056025208,0.977769318091574,1.31252439540943,33420.4,384.7182056301,0.711223203026482,31.417942,-1.42021640338319,-0.0165405684873407,-1.80966830182971,-0.00664330517690358,-1.51812758968934,-0.0192637981667942,-0.01210082462838,42.0575,-0.0974030264258264,21.95,0.821983273596177,0.0604279341783244,63.6,1.39795738010389,0.00138992466320078,3.5,-0.0129439558503369,-0.011381900012059,-0.00438312352557413,0.0616563836657339
"sfbcc",-0.0165843990556928,0.0210594812565209,0.00153109720599179,0.00153109720599179,0.799409479615127,2.37659963436929,35265.25,813.433438912788,0.313990910444715,38.0012,-1.3040807471686,0.0301092093810175,-0.636764195516306,-0.00435362776768789,-1.02650269126794,0.00157720591798161,-0.028791054710224,37.03,0.323682681118105,16.35,0.653710691823899,0.0540549362177855,8,1.63849924062108,0.645711427254327,3.2,-0.080530522102079,-0.00261119252092868,-0.00189769020774772,1.27789523466936
"sfbfm",-0.000896644690329168,-0.000614059072038295,-0.0231800033570475,-0.0231800033570475,0.612889769287485,2.43420792894485,35265.25,813.433438912788,0.404242046163444,38.1949,-1.12842706445412,0.00643290265461678,0.0402066275747111,NA,-0.66334017654558,-0.00737663645189113,-0.028791054710224,7.2,0.0844896112935247,17.35,0.775757575757576,0.0507713016115699,8,1.6020708485543,-0.663319046781785,3.2,-0.0696568976512391,-0.00643227889756369,-0.00138845251760274,1.16935899261803
"sfbgc",-0.0144428660388616,0.0829988219388692,-0.00340121074443413,-0.00340121074443413,0.716086853774832,1.99072358113601,35265.25,813.433438912788,0.639929004923852,38.0159,-1.13371266091581,0.00666536973934271,-0.846490010699162,-0.0281338456562668,-0.913996294381618,0.00659728491950679,-0.028791054710224,34.65,0.49170311071117,16.9,0.816491410723581,0.0487654803109465,8,1.59107574263968,-1.27940225791537,3.2,-0.141746993178355,-0.00798323569386883,0.00176028821267412,1.27789523466936
"sfbsm",0.00423411303530041,-0.00606054084771173,-0.0183821039190018,-0.0183821039190018,0.571242850560224,2.57693736376953,35265.25,813.433438912788,0.394304490690033,38.1841,-1.26640153903866,0.0124105627179413,-0.314616590198513,-0.00460608347673564,-1.13288622016802,-0.0030025155682804,-0.028791054710224,7.2,0.020201539359017,17.2,0.771084337349398,0.0493609661156498,8,1.54408045258678,-1.18140446581269,3.2,-0.0111542933193927,0.000921635072898335,0.000127467872012675,1.16935899261803
"sosch",-0.0135437479015239,-0.00302828190628213,0.0120189717027274,0.0120189717027274,0.332640410387463,2.23801857585139,NA,NA,0.210638297872341,43.3377,-1.488517711374,-0.00556445827215494,-0.907981529247203,0.00158129396264838,-1.48306819113199,-0.0022695740694591,NA,47.115,0.000889373216112725,12,0.431771894093686,0.0140989838003956,NA,0.477265995424853,-0.0275530119180194,NA,0.0321568932479614,-0.00267242364275181,-6.36731837844658e-05,0.399647031057568
"sosva",-0.0243697510359547,-0.0032691986383673,0.00892767310167942,0.00892767310167942,0.420120848085703,2.52607791007233,NA,NA,0.294406280667321,43.317217,-1.44611697335613,-0.00180477758920127,-0.914352711703143,0.00525517218103844,-1.56591036158211,0.000926288312697351,NA,44.25,-0.00815857092946598,12.6,0.553724456163481,0.0210975349946392,NA,0.602168551378997,0.0784814373177618,NA,-0.0114069474594622,0.00408659264793804,-0.001330849795196,0.399647031057568
"soswi",-0.0445602381568545,0.00435233556134118,0.0169458157524477,0.0169458157524477,0.0346284566253203,2.54493704537898,NA,NA,0.536040609137056,43.282417,-1.57954914089393,0.00418341737301153,-0.672436739812722,0.00333250605603226,-2.03385826726097,0.0240320851958004,NA,24.2425,0.57142764106424,12.45,0.842650103519669,0.0297099517464257,NA,0.845160077651946,0.174921281498657,NA,-0.0572558040658734,0.00302468140151307,-0.00266375147804908,0.399647031057568
"tjrbr",-0.0826255365266892,0.0423512545517331,0.0216789191004852,0.0216789191004852,0.0326187608507198,2.83999928591831,40574.7,21.5433768711283,0.420172417673937,32.5593611,-0.975104039892515,0.0240603376924759,-1.66554624884907,-0.00454552151953263,-1.00086945871263,0.0164319295367741,0.0075597505508028,50.74,0.0636181788948391,17.3,0.414594632006241,0.0728427732440549,4,0.477265995424853,-0.218422659551248,1.5,-0.0207753996829699,0.038725109623362,-0.000504847832873893,1.85918832024865
"tjros",-0.0577184979295178,0.042379845138335,0.0280353552312233,0.0280353552312233,0.239549720840473,3.18534961154273,40574.7,21.5433768711283,0.900523560209424,32.5683333,-0.939302159646388,0.00433122019310119,-1.58502665202918,-0.00869469011687229,-0.789146634685107,0.0150149351416335,0.0075597505508028,50.82,-0.00761725744771511,18.8,0.488085456039441,0.0854874497497772,4,0.699056854547668,-0.233954288962557,1.5,0.0750377294888091,0.0249426982291057,0.00214090155725536,1.85918832024865
"tjrpr",0.0315802105553764,0.0341787950354899,-0.0104699165256638,-0.0104699165256638,0.369401413696624,1.29696436427629,40574.7,21.5433768711283,0.438430311231394,32.5960833,-1.56224943717961,0.0278369936299234,-1.95860731484178,-0.0155137824293948,-1.50863830616573,-0.0182542200625744,0.0075597505508028,53.68,-0.121354728733499,21.1,0.604960677555959,-0.00426737346142073,4,0.954290761701127,-0.82757889234738,1.5,0.0215904998606752,0.00145784518720511,0.0052054123707602,1.86985127355328
"tjrsb",0.0216341395254568,0.000293130102490905,-0.0200711364011237,-0.0200711364011237,0.328583449714202,1.75283987241498,40574.7,21.5433768711283,0.443250503693754,32.601,-1.62893213772826,0.00730201916733555,-1.92445303860747,-0.0379896435537647,-1.38373459471829,-0.0145766005901423,0.0075597505508028,53.54,0.0102683682135607,21,0.600977198697068,0.0369851779080551,4,0.845160077651946,-0.721007464461271,1.5,-0.118092696691773,-0.00356362398368286,0.00330396276231457,1.86985127355328
"welht",-0.0711308033698312,0.015566883389579,-0.0294850713419356,-0.0294850713419356,-0.696803942579511,2.10526315789474,29190.975,302.233999072658,0.802863436123348,43.298347,-2.19382002601611,-0.0476408359941384,-0.948847477552619,0.0159151011001169,-2.60205999132796,-0.0332303126775447,-0.00377322777289519,0.2,0.247398304135817,12.4,1.50530973451327,0.0629644964058584,83.55,0.301247088636211,-0.0237631175031194,2.2,0.0650437620605298,0.00988961224753896,-0.0257517869542273,1.18955858072819
"welin",0.0420643576122543,-0.0328873186368126,-0.0128080634163474,-0.0128080634163474,-0.045275209020937,1.64119881806669,29190.975,302.233999072658,0.373722627737226,43.320089,-1.55284196865778,-0.0447896074515548,-1.43179827593301,0.0322171041095138,-1.86169730183372,-0.00611344352733119,-0.00377322777289519,48.08,-0.0729851900298196,9.3,1.62135112593828,0.0737805564208109,83.55,0.477265995424853,-0.0293433565117216,2.2,-0.00925974058547324,-0.0226861864619494,-0.00656787641518297,1.18955858072819
"wellm",-0.0434120935425118,-0.00145256591707094,-0.0117332154677513,-0.0117332154677513,-0.154281982033341,2.12307692307692,29190.975,302.233999072658,0.469562275975028,43.340153,-1.70996538863748,-0.0105534335234333,-1.17392519729917,0.0140366244583154,-2.39794000867204,-0.00248857414841329,-0.00377322777289519,33.24,0.590902636732947,12.7,1.14040175803585,0.0790399304009831,83.55,0.477265995424853,0.060468398691157,2.2,0.00343723854081327,-0.00589364485012588,-0.020766756021413,0.913136029655495
"welsm",-0.0880522003937623,0.00425335197737259,0.0101499500945784,0.0101499500945784,-0.396855627379818,2.77444493088999,29190.975,302.233999072658,0.545154185022026,43.344711,-2.19382002601611,-0.0110727212408758,-0.97061622231479,0.0101296523937231,-2.60205999132796,-0.00647893124730946,-0.00377322777289519,5.75,0.720646643598692,13.5,1.38150059547439,0.0885704315058174,83.55,0.602168551378997,0.259366988938224,2.2,0.131622966069661,-0.00217481337003667,-0.0307045144321286,0.913136029655495
"wkbfr",0.0234944269558546,-0.0268521084679477,0.0285535254581902,0.0285535254581902,1.26009524966371,2.34939759036145,28938.4,827.797154342092,0.818174774865422,30.4162,-1.29817306960286,-0.00626848475726226,-0.304255724802677,0.0103895102150297,-2.69897000433602,-0.0193046043478033,0.0448060503368289,11.97,-0.17351020723464,23.95,0.706461525213997,0.0119243006815341,107.6,1.07921743574657,-0.0832382255540045,0.6,-0.0345639911592009,-0.0212420452335853,-0.00363821310166358,1.10510500624232
"wkbmb",0.0226422765860451,-0.0161351436902159,0.0130562311976563,0.0130562311976563,1.4860193694906,1.82174903273605,28938.4,827.797154342092,0.804300548096747,30.3961,-1.63208526120625,-0.0162248326464121,-0.821023052706831,0.0195353637676702,-2.69897000433602,-0.0301432888709322,0.0448060503368289,15.99,-0.143579102466441,24.3,0.744567904729708,0.0220360747997407,107.6,1.17612021105609,-0.688538961083288,0.6,-0.0294802507044369,-0.0118430163025065,0.00077105956651353,1.10510500624232
"wkbmr",0.0163293880056261,-0.0308170856038757,0.0195706520811564,0.0195706520811564,1.45638121798532,1.83632960925537,28938.4,827.797154342092,0.721804511278196,30.39,-1.44769689066165,-0.0142531872062809,-0.466355021201237,0.00378510435383055,-2.69897000433602,-0.0358349106871753,0.0448060503368289,15.495,-0.150183282152647,24.9,0.710515951161875,0.0258795633857881,107.6,1.23047446736116,-0.5172160876228,0.6,-0.056811451678326,-0.00121208839919453,-0.00337536887141664,1.04173824340352
"wkbwb",0.0110155745277796,-0.0161748099249778,0.0121241830561949,0.0121241830561949,1.4756857129806,1.7194231129425,28938.4,827.797154342092,0.733799221227984,30.3808,-1.54257230705352,-0.0156941740860234,-1.14672777597932,0.0156423332115978,-2.69897000433602,-0.0560963111526716,0.0448060503368289,18.13,-0.226043030660954,24.1,0.773682919647265,0.0261270556741655,107.6,1.17612021105609,-0.326310489702635,0.6,-0.0101089881072252,-0.011366901950761,-0.00236403514859589,1.10510500624232
"wqbcr",-0.0595593977676962,0.0140355395599034,NA,NA,1.14770723378041,2.5241935483871,29020.65,198.430124355777,1.12966417910448,41.5798,-1.62893213772826,-0.010225947955234,-1.08354605145007,0.00530433217492346,-1.99353395775077,NA,0.0365392557435451,43.355,0.0484351092182104,16.6,1.42943672168947,0.0870156325497433,96.6,0.301247088636211,-0.0204346972332826,1.6,-0.0111327387403811,0.00898944420232483,-0.0411793546931132,1.60653007128051
"wqbmh",-0.017312791804789,NA,NA,NA,0.380392160057027,1.60135135135135,29020.65,198.430124355777,0.524590163934426,41.5526,-1.82390874094432,NA,-2.06803388527183,NA,-1.79588001734408,NA,0.0365392557435451,47.86,0.00868061190623151,12.9,1.86112913692408,0.0671310635565266,96.6,0.301247088636211,0.0699634634876538,1.6,-0.0283725181614643,-0.00518993535991429,-0.0108902711950226,1.60653007128051
"wqbmp",-0.0395382560488712,0.0110148083184118,0.0235811987280127,0.0235811987280127,0.462547728802664,1.82005141388175,29020.65,198.430124355777,0.458015267175573,41.5689,-1.82535880733955,-0.00209505381700556,-2.24412514432751,NA,-2.00877392430751,-0.0192952972973784,0.0365392557435451,46.315,0.0244537437431299,16.6,1.41360437842064,0.0874455785063617,96.6,0.000434077479318593,0.018360467789271,1.6,-0.00126098182669504,-0.00327718223180717,-0.0335420050464444,1.60653007128051
"wqbsl",-0.0645307511147605,0.00831896468039037,NA,NA,0.423409727733093,2.02895195971901,29020.65,198.430124355777,0.581257413997628,41.5542,-1.78251605578609,-0.0141820026617261,-2.39794000867204,NA,-2.15490195998574,NA,0.0365392557435451,45.32,0.0424733153432967,17.8,1.15913688469319,0.0797620909950533,96.6,0.000434077479318593,0.105466648759141,1.6,-0.0314276936162112,-0.000460171922893519,-0.0101184535038461,1.60653007128051
